front,back
"What is the overarching subject of Rule 1?

<i>Rule 1</i>",The overarching subject of Rule 1 is the Conduct of the Game.
"What are the dimensions of a regulation Canadian Amateur Tackle Football field, including the end zones?

<i>Rule 1 | Section 1 | Article 1</i>","The field of play is 110 yards (100 metres) long by 65 yards (60 metres) wide. Additionally, there is a 20-yard (18.28 metres) long end zone at each end."
"What is the 'Dead Line' according to the rules?

<i>Rule 1 | Section 1 | Article 1</i>",The Dead Line is the line 20 yards (18.28 metres) behind each goal line and parallel to it.
"Which line is considered part of the end zone?

<i>Rule 1 | Section 1 | Article 1</i>",The goal line is considered part of the end zone.
"How are the boundaries of the playing field defined, and are these lines in or out of bounds?

<i>Rule 1 | Section 1 | Article 2</i>","The bounds are defined as the inside of the sidelines, end zone sidelines, and dead lines. These boundary lines are out of bounds."
"From what point are all field dimension measurements taken?

<i>Rule 1 | Section 1 | Article 3</i>",All measurements shall be taken from the inside edge of any boundary line.
"How frequently must the field of play be marked by lines parallel to the goal line?

<i>Rule 1 | Section 1 | Article 4</i>",The field of play shall be marked every 5 yards (metres) by lines parallel to the goal line.
"Which specific yard lines must be marked with double thickness or double lines?

<i>Rule 1 | Section 1 | Article 5</i>",The 35 and 45 yard (30 and 40 metre) lines shall be of double thickness or double lines.
"Where are hash marks located on the field?

<i>Rule 1 | Section 1 | Article 6</i>","Hash marks are located twenty-four yards (22 metres) from each sideline, marking each 5-yard (metre) stripe with a short cross stripe parallel to the sideline."
"What type of markers are allowed at the intersections of goal lines, sidelines, dead lines, and end zone sidelines?

<i>Rule 1 | Section 1 | Article 8</i>","Only flexible markers are allowed, specifically soft, flexible, four-sided pylons, 4” x 4” (10 cm x 10 cm) with an overall height of 18 inches (46 cm), and orange or red in colour."
"Are the flexible markers placed at the intersections of lines considered inbounds or out of bounds?

<i>Rule 1 | Section 1 | Article 8</i>",The flexible markers are considered inbounds.
"What is the standard width between the vertical goal posts?

<i>Rule 1 | Section 1 | Article 9</i>",The vertical goal posts shall be 18 feet 6 inches (5.64 metres) apart.
"What is the required height of the crossbar's upper edge above the ground?

<i>Rule 1 | Section 1 | Article 9</i>",The upper edge of the crossbar must be 10 feet (3.05 metres) above the ground.
"What is the minimum required height for goal posts above ground level?

<i>Rule 1 | Section 1 | Article 9</i>","The goal posts shall be at least 20 feet (6.1 metres) above the ground level, with new installations recommended to be 30 ft (9.1 metres)."
"Who is responsible for providing the mandatory padding for goal posts on a home field?

<i>Rule 1 | Section 1 | Article 9</i>",It is the responsibility of the home team to provide the padding.
"Are goal posts located on the goal line considered part of the end zone?

<i>Rule 1 | Section 1 | Article 9 Note</i>","Yes, goal posts on the goal line are considered to be part of the end zone."
"What is required if a non-regulation field has obstructions like running tracks?

<i>Rule 1 | Section 1 | Article 10</i>","A clear set of boundary lines must be provided, at least 1 foot (0.3 metres) inside the track or obstruction."
"What actions are defined as a 'play' in Canadian Amateur Tackle Football?

<i>Rule 1 | Section 1 | Article 11</i>","A play is defined as any legally run scrimmage play (run, pass, kick), a convert attempt, or a kick-off, during both regulation time and overtime."
"What material is required for the four-panel ball used in the game?

<i>Rule 1 | Section 2 | Article 1</i>",The ball must be made of pebbled grain leather.
"What is the acceptable pressure range for the inflated rubber bladder of the game ball?

<i>Rule 1 | Section 2 | Article 1</i>",The pressure must be not less than 12 1/2 lbs. (85 kilopascals) and not more than 13 1/2 lbs (95 kpa).
"What is the required shape of the game ball?

<i>Rule 1 | Section 2 | Article 1</i>",The game ball shall be in the shape of a prolate spheroid.
"What are the acceptable circumference measurements for the long axis of the game ball?

<i>Rule 1 | Section 2 | Article 1</i>",The circumference of the long axis shall be from 27 3/4 to 28 1/2 inches (700 to 725 mm).
"Who is responsible for providing the league-approved game ball(s)?

<i>Rule 1 | Section 2 | Article 1</i>",The Home Team shall provide a league approved ball or balls.
"Who makes the final decision regarding the suitability of the game ball?

<i>Rule 1 | Section 2 | Article 1</i>",The decision of the Referee shall be final as to the suitability of the ball.
"What color must the game ball be for day games?

<i>Rule 1 | Section 2 | Article 2</i>","For day games, the ball shall be of a natural tan in colour."
"Under what condition must the game ball's color be clearly visible?

<i>Rule 1 | Section 2 | Article 2</i>","For night games, the ball must be of such colour as will make it clearly visible."
"What is a restriction on the color of the game ball for both day and night games?

<i>Rule 1 | Section 2 | Article 2</i>","In both day and night games, the colour of the ball shall, in no way, closely blend with the colour of the uniforms of the competing teams."
"What is the standard length of a game in actual playing time for adults, and how is it divided?

<i>Rule 1 | Section 3 | Article 1</i>","The game shall consist of 60 minutes of actual playing time, divided into 4 periods of 15 minutes each."
"How long is a game for High School level players and below, and how is it divided?

<i>Rule 1 | Section 3 | Article 1</i>","For players at the High School level or equivalent and below, the game shall consist of 48 minutes of actual playing time, divided into 4 periods of 12 minutes each."
"Who declares first choice at the start of the first or second half at the start of the game?

<i>Rule 1 | Section 3 | Article 2</i>","The captain of the visiting team, or the team winning the coin toss, shall declare whether to have first choice at the start of the first or second half."
"What three options does the captain having first choice at the start of the first half have?

<i>Rule 1 | Section 3 | Article 2</i>","The captain having first choice at the start of the first half has the option of 1. Kicking Off, 2. Receiving the kick off, or 3. Defending an end of the field."
"When does the procedure for choosing kick off, receiving kick off, or end of field reverse?

<i>Rule 1 | Section 3 | Article 2</i>","At the start of the 3rd period, the procedure shall be reversed. The team captain having the first choice for the 2nd half shall have the option of the 3 choices mentioned earlier, and the other captain the option of the remaining 1 or 2 choices."
"After a touchdown, what choice does the captain of the team scored against have?

<i>Rule 1 | Section 3 | Article 2</i>","After a touchdown, the captain of the team scored against shall have the choice of kicking off, or receiving the kick off."
"When do teams change ends during a game?

<i>Rule 1 | Section 3 | Article 3</i>",Teams shall change ends at the end of the 1st and 3rd periods.
"How is the ball put into play at the start of the 2nd and 4th periods?

<i>Rule 1 | Section 3 | Article 3</i>","At the start of the 2nd and 4th periods, the ball shall be put into play by the team entitled to do so, at a point corresponding exactly to the point where the ball became dead at the opposite end of the field, and in exactly the same manner as if play had not been interrupted by the end of the previous period."
"How long is the standard rest period at half time?

<i>Rule 1 | Section 3 | Article 4</i>","A 20-minute rest period shall be allowed at the end of the 2nd period, or such other rest period as the league shall decide."
"What is the penalty if a team is late appearing on the field at the start of the 1st or 3rd period?

<i>Rule 1 | Section 3 | Article 5</i>","The penalty for a team being late appearing on the field at the start of the 1st or 3rd period is L10, with no option."
"What determines the procedure for breaking a tie game if the score is tied at the end of the 4th period?

<i>Rule 1 | Section 3 | Article 6</i>","The procedure to break a tie game shall be the prerogative of the governing football association, with the consideration that the safety of the athlete is of prime importance. Any such procedures must be communicated in writing to both teams and the Referee prior to the game."
"In the absence of prepared tie-breaking regulations, what options does the winner of the coin toss have for overtime?

<i>Rule 1 | Section 3 | Article 6</i>","The winner of the coin toss shall choose one of the following options: 1) Offense or defense, with the offense at the opponent’s 35-yard line to start, or 2) Which end of the field shall be used for the overtime period."
"In overtime, what happens after the loser of the toss exercises their option for the first extra period?

<i>Rule 1 | Section 3 | Article 6</i>",The loser of the toss shall have the first choice of the two options (offense/defense or end of field) for subsequent even-numbered extra periods.
"How long does each team retain the ball during an extra period in overtime?

<i>Rule 1 | Section 3 | Article 6</i>",Each team retains the ball until it scores or fails to make a first down. The ball remains alive after a change of team possession until it is declared dead.
"What is the scoring rule if a tie persists after three extra periods in overtime?

<i>Rule 1 | Section 3 | Article 6</i>","If the score is still tied after three extra periods having been played, any subsequent touchdown must be followed by a two-point conversion."
"Are team time-outs allowed during overtime play?

<i>Rule 1 | Section 3 | Article 6</i>","No, there shall be no team time-outs during overtime play."
"What is recommended regarding balls for wet day procedures?

<i>Rule 1 | Section 3 | Article 3 (Wet Day Procedure)</i>","On wet days, it is recommended that at least three balls be available which may be changed at the discretion of the Referee."
"What is suggested for keeping balls clean and dry on wet days?

<i>Rule 1 | Section 3 | Article 3 (Wet Day Procedure)</i>","It is suggested that «ball persons» be used, one on either side of the field, to keep the balls as clean and dry as possible."
"How many players from each team are allowed on the field at any one time?

<i>Rule 1 | Section 4 | Article 1</i>",Each team consists of 12 players on the field at any one time.
"What is the recommended minimum number of players a team should have dressed to start the game?

<i>Rule 1 | Section 4 | Article 1</i>",It is recommended that Teams have a minimum of 24 players dressed to start the game.
"How are teams designated for identification in Approved Rulings in the Case Book?

<i>Rule 1 | Section 4 | Article 2</i>","The team which puts the ball into play shall be identified as Team A, and the other team as Team B."
"Who is the sole communicator between a team and the officials?

<i>Rule 1 | Section 4 | Article 3</i>","The captain shall be the sole communicator between the team and the officials, through the Referee."
"What is the penalty for a player or bench occupant commenting for the supposed benefit of the officials?

<i>Rule 1 | Section 4 | Article 3</i>",Penalty L10. No option.
"Under what conditions can a choice made by a captain, such as on a kick off or penalty option, be revoked?

<i>Rule 1 | Section 4 | Article 3</i>","After the choice on a kick off has been communicated to the opponents by the Referee, the choice may not be revoked. After the choice of penalty or option has been made, the choice may not be revoked."
"When may the Referee decline a request for a measurement?

<i>Rule 1 | Section 4 | Article 3</i>",The Referee may decline a request for a measurement if satisfied beyond all reasonable doubt that a first down has or has not been made.
"Who is permitted in the vicinity of the measurement when the distance chains are called in?

<i>Rule 1 | Section 4 | Article 3</i>",Only the on-field captain of each team shall be permitted in the vicinity of the measurement.
"Under what circumstances does time start on the Referee's signal following a kick-off?

<i>Rule 1 | Section 5 | Article 1</i>","Time starts on the Referee's signal when the ball, following a kick-off, touches, or is touched by a player of either team, in bounds."
"When does time start if a 'time count' foul or a timeout due to crowd noise occurs?

<i>Rule 1 | Section 5 | Article 1</i>",Time starts when the ball is snapped after a 'time count' foul or after a timeout due to the noise of the crowd.
"After the 3-minute warning, when does time start following an incomplete forward pass or a ball carried out of bounds?

<i>Rule 1 | Section 5 | Article 1</i>","After the 3-minute warning signal has been given in any half, time starts when the ball is snapped following an incomplete forward pass or the ball being carried out of bounds."
"Can timing rules be amended by individual leagues, and if so, how?

<i>Rule 1 | Section 5 | Article 1</i>","Yes, timing rules may be amended by individual leagues to shorten games into an allotted time slot, but no change may be made that will lengthen a game."
"When does the game clock stop due to a procedural penalty after a timeout or 3-minute warning?

<i>Rule 1 | Section 5 | Article 2</i>","The game clock stops (is held) following a timeout or after the 3-minute warning, if the game clock is already held from the previous play and the play is stopped for a procedural penalty by either Team."
"When does time stop on the signal of a field official related to scoring?

<i>Rule 1 | Section 5 | Article 2</i>",Time stops on the signal of a field official when a score has been made and throughout any convert attempt.
"Under what condition does time stop if there are multiple player substitutions?

<i>Rule 1 | Section 5 | Article 2</i>",Time stops if three or more players from either team substitute at the same time.
"What happens to the game clock after the 3-minute warning in any half?

<i>Rule 1 | Section 5 | Article 2</i>",Time stops when the ball becomes dead after the three-minute warning signal in any half.
"When is it recommended that time stops in games shorter than 48 minutes?

<i>Rule 1 | Section 5 | Article 2</i>","For any game of less than 48 minutes, it is recommended that time stops as the first down distance has been made (after the ball is dead)."
"What happens if the ball becomes dead with only a short period of time remaining in any period?

<i>Rule 1 | Section 5 | Article 3</i>","The team in possession is entitled to one complete play, even if it extends beyond the normal termination of that period."
"When does a period end if the last play is a legally scored touchdown?

<i>Rule 1 | Section 5 | Article 3</i>","The period will be extended for the convert attempt following the touchdown, and will end when the ball is declared dead on the convert, without a foul."
"How many timeouts is each team allowed per half, and for how long?

<i>Rule 1 | Section 5 | Article 4</i>","Each team is entitled to two timeouts in each half, and each timeout is 1 minute long."
"Who can request a timeout and during what timeframe?

<i>Rule 1 | Section 5 | Article 4</i>","Any player, head coach, or designated head coach may request a timeout from the time the ball becomes dead until it is put into play."
"What is the penalty if Team A players remain in close proximity to their bench after a timeout?

<i>Rule 1 | Section 5 | Article 4</i>","Team A players will be penalized for illegal procedure (L5 PLS DR) if they remain in close proximity to their bench after a timeout and conference, instead of returning to their huddle or moving clearly away from the team bench area."
"Under the mercy rule, when does the clock run continuously in the second half?

<i>Rule 1 | Section 5 | Article 5</i>","Any time after the first half, if the difference in score between the two teams becomes 35 points or more, the clock will be running time for the remainder of the game."
"What are the exceptions to the running clock under the mercy rule?

<i>Rule 1 | Section 5 | Article 5</i>","The clock will stop for injuries, scores, timeouts, or any reason the Referee deems necessary to stop the clock."
"Does the mercy rule apply to U Sport and CJFL levels?

<i>Rule 1 | Section 5 | Article 5</i>","No, the mercy rule does not apply for U Sport and CJFL levels."
"When is a player considered to be in possession of the ball?

<i>Rule 1 | Section 6 | Article 1</i>","A player is in possession of the ball when it is firmly held in their hand or hands, arm or arms, leg or legs, or under their body."
"When players from opposite teams dispute possession of the ball, who does it belong to?

<i>Rule 1 | Section 6 | Article 2</i>",It shall belong to the player who first gained possession and has not lost possession.
"If players of opposite teams legally gain simultaneous possession of the ball, to which team does the ball belong?

<i>Rule 1 | Section 6 | Article 3</i>",It shall belong to the team which last previously had possession.
"What happens if a forward pass is caught simultaneously by eligible receivers of both teams?

<i>Rule 1 | Section 6 | Article 3</i>",The ball shall belong to Team A.
"What happens if a kick-off is legally caught simultaneously by players of opposite teams before it has been touched by any other player after the kick-off?

<i>Rule 1 | Section 6 | Article 3</i>",The kick-off is repeated at the previous line of kick-off.
"What happens if a kick-off is legally caught simultaneously by players of opposite teams after it has been legally touched by another player or players?

<i>Rule 1 | Section 6 | Article 3</i>",Possession goes to the team which last touched it before the simultaneous possession.
"When does a change of possession occur during a scrimmage play?

<i>Rule 1 | Section 6 | Article 4</i>","Team A is in possession until it loses possession (e.g., fumble, blocked kick). Team B is in possession when a B player gains possession. Until Team A or Team B gains possession, the ball is defined as a "".loose ball."""
"When does a change of possession occur during a forward pass?

<i>Rule 1 | Section 6 | Article 4</i>","Team A is in possession until the pass is ruled incomplete, or the ball is intercepted by Team B. Team B is in possession when a B player intercepts the pass."
"When does a change of possession occur during a scrimmage kick?

<i>Rule 1 | Section 6 | Article 4</i>","Team A is in possession until the ball is kicked. Team B is in possession when a B player gains possession. Until Team B or Team A gains possession, the ball is "".in flight."""
"When does a change of possession occur during a return kick?

<i>Rule 1 | Section 6 | Article 4</i>","Team B is in possession until the B player has kicked the ball, which is then "".in flight."" until either Team A or Team B regains possession."
"When does a change of possession occur during a kick-off?

<i>Rule 1 | Section 6 | Article 4</i>","Neither team is in possession prior to the kick-off. Team B is in possession when a B player gains possession. Until Team B or Team A gains possession, the ball is "".in flight."""
"For penalty applications involving "".before change of possession, loose ball, ball in flight or after change of possession,"" when is legal touching of a kicked ball (other than a kickoff) considered possession?

<i>Rule 1 | Section 6 | Article 4</i>",Such touching shall be deemed to be possession.
"Under what conditions is the ball considered in play after a kick off or scrimmage?

<i>Rule 1 | Section 7 | Article 1</i>",The ball is in play from a kick off or scrimmage until a field official stops play by sounding the whistle.
"When does the ball remain in play after striking an official?

<i>Rule 1 | Section 7 | Article 1</i>","The ball is in play when it strikes an official who is not out of bounds, except on a forward pass."
"When is a ball held for a place kick considered in play?

<i>Rule 1 | Section 7 | Article 1</i>","The ball is in play when it is held in position by a player for the purpose of making a place kick, except on a kick off."
"What happens regarding play status if a forward pass is intercepted by a player in their end zone?

<i>Rule 1 | Section 7 | Article 1</i>",The ball is in play if a forward pass is intercepted by a player in their end zone.
"When may a play be stopped due to player injury or to impose a penalty?

<i>Rule 1 | Section 7 | Article 2</i>","The play shall not be stopped because of player injury, or to impose a penalty until the ball is dead."
"What is the penalty for an unauthorized delay due to player injury or any other reason?

<i>Rule 1 | Section 7 | Article 2</i>","The penalty for unauthorized delay is L10, with no option."
"What is the maximum duration for an official time out called by the Referee for medical attention related to bleeding?

<i>Rule 1 | Section 7 | Article 2</i>",The Referee will call an official time out of no more than two (2) minutes to allow for medical attention and/or care of equipment related to bleeding.
"When does the ball become dead during a game?

<i>Rule 1 | Section 8 | Article 1</i>","The ball becomes dead when a field official blows the whistle to end play, the ball or a player with possession goes out of bounds, any score is made, the ball carrier is tackled and forward progress halted, a forward pass is incomplete or strikes certain objects/officials, it's in possession of a player lying on the ground (or held for a kick off), it strikes the opponent's goal post in flight from certain kicks (originating in field of play), or any part of the ball carrier (other than hands or feet) touches the ground."
"Under what specific condition is the ball NOT dead even if a player's body part (other than hands or feet) touches the ground?

<i>Rule 1 | Section 8 | Article 1 (h) Exception</i>","The ball is not dead when a player is holding the ball for a field goal or convert attempt, even if a part of their body other than hands or feet touches the ground."
"When a ball carrier is tackled and driven back towards their own goal line, how is the point where the ball became dead determined?

<i>Rule 1 | Section 8 | Article 1 Note 1</i>",The most forward point of advance is considered to be the point where the ball became dead.
"If a ball carrier breaks a tackle and retreats toward their own goal line before being held, where is the point of advance for where the ball becomes dead?

<i>Rule 1 | Section 8 | Article 1 Note 2</i>",The point of advance where the ball becomes dead is considered as the point at which the ball carrier is subsequently held.
"What happens immediately if a ball carrier loses their helmet?

<i>Rule 1 | Section 8 | Article 1 (j)</i>",The ball is immediately declared dead if the ball carrier loses their helmet.
"What choices does a team in possession have if the whistle is inadvertently blown?

<i>Rule 1 | Section 8 | Article 1 Note 4 (1)</i>","The team in possession has the choice to either cancel the current play and repeat it from where it began (PLS or kick-off), or have the play terminate at the PBH (Point of Ball Held) when the whistle was blown, with downs continuing if distance was not gained."
"When is the ball considered to be in the End Zone?

<i>Rule 1 | Section 9 | Article 1</i>","The ball is in the End Zone when: a) Any part of the ball is on, or behind the goal line, even in the air. b) Any part of the ball touches the plane of the goal line."
"Under what condition is the ball NOT considered to be in the End Zone?

<i>Rule 1 | Section 9 | Article 1</i>","The ball is not in the End Zone when the whole ball is completely ahead of the goal line, or the plane of the goal line."
"Under what conditions is the ball considered out of bounds?

<i>Rule 1 | Section 10 | Article 1</i>","The ball is out of bounds when: a) It touches any boundary line, or the ground or any object on or beyond these lines, including an official, any player or substitute. b) A player in possession of the ball touches any boundary line, or the ground or any object beyond these lines, except a field official or another player who is out of bounds, while the ball carrier is fully in bounds."
"When the ball is carried out of bounds on the field of play, to which team does it belong?

<i>Rule 1 | Section 10 | Article 2</i>","It shall belong to the team carrying it out of bounds, at the point where the ball crossed the line before it went out of bounds, except on third down when the required distance has not been gained."
"Who gets possession when a ball is kicked out of bounds on the field of play?

<i>Rule 1 | Section 10 | Article 3</i>","It shall belong to the opposite team, subject to the option of penalty applicable on the play."
"What is the score when a player kicks a ball out of bounds in their own end zone?

<i>Rule 1 | Section 10 | Article 3</i>","It will result in a score of 1 or 2 points, unless the ball is in the end zone from a forward pass intercepted in the end zone, or as a result of a fumble into the end zone by an opponent."
"What happens to possession if a forward pass is thrown out of bounds?

<i>Rule 1 | Section 10 | Article 4</i>","A ball thrown out of bounds on a forward pass shall remain in possession of the passing team, except on third down when the required distance has not been gained."
"When a fumbled ball goes out of bounds, or touches a player and then goes out of bounds, which team gets possession?

<i>Rule 1 | Section 10 | Article 5</i>","It shall belong to the team which last touched the ball, 24 yards (22 metres) in from the sideline at whichever point is closer to the goal line of the team entitled to possession, either where the ball went out of bounds, OR where the ball was last touched in the field of play. This excludes forward passes thrown out of bounds."
"What is the ruling if a player fumbles the ball from the field of play directly over the opponent's goal line and out of bounds in the end zone without touching an opponent?

<i>Rule 1 | Section 10 | Article 6</i>","It shall be ruled as a fumble, out of bounds, in the field of play, with the ball declared dead at the point where it was last touched in the field of play."
"What is the ruling if a player fumbles the ball over the opponent's goal line, and it is last touched by a teammate without gaining possession and then goes out of bounds in the end zone?

<i>Rule 1 | Section 10 | Article 6</i>","The ball shall be awarded to the team making the fumble, at the point of the original fumble."
"What happens if a player fumbles the ball over the opponent's goal line, it's recovered or last touched by an opponent without possession, and then goes out of bounds in the end zone?

<i>Rule 1 | Section 10 | Article 6</i>","There shall be no score and the ball shall be awarded to the opponent, at any point on or between the hash marks on the 20 yard (20 metre) line if the ball goes dead in the end zone. (Exception – Blocked Kick – Rule 5, Section 3, Article 4)"
"When is a safety touch awarded if a ball is fumbled or directed into a team's own end zone?

<i>Rule 1 | Section 10 | Article 6</i>","A safety touch shall be awarded when a player fumbles or directs the ball from the field of play into their own end zone, where the ball goes out of bounds without possession being gained by either team."
"What is the score when a player fumbles the ball in their own end zone to out of bounds in the end zone, even if touched by another player?

<i>Rule 1 | Section 10 | Article 7</i>","A score of 1 or 2 points shall be awarded as applicable, unless the ball is in the end zone from a forward pass intercepted, or a fumble into the end zone by an opponent, or the ball carrier was knocked back and is not free to advance."
"What is the penalty for an offside pass in the end zone when a player fumbles the ball from their own end zone, over the goal line, and then out of bounds without touching an opponent?

<i>Rule 1 | Section 10 | Article 7</i>","Team A: 1st/2nd down results in a safety touch to B, or B's option to allow A to scrimmage 24 yards (22 metres) in from the out-of-bounds point with downs continuing. 3rd down results in a safety touch to B, or B's possession 24 yards (22 metres) in from the out-of-bounds point. Team B: 1 or 2 points as applicable, or A's option to allow B to scrimmage 24 yards (22 metres) in from the out-of-bounds point."
"Under what conditions is a player allowed to go out of bounds and legally return to participate in the play?

<i>Rule 1 | Section 10 | Article 8</i>","A player is allowed to return to the field and participate if they went out of bounds as a result of: a) a slippery field; b) contact with an opponent; or c) a missed block or tackle. The player must re-establish themselves in the field of play with at least one foot in bounds and no contact with out of bounds. Otherwise, it is illegal participation (Penalty – L10)."
"What is the penalty for an out-of-bounds player illegally reaching back into or re-entering the field of play to touch or recover a loose ball?

<i>Rule 1 | Section 10 | Article 8</i>","Penalty – LB PF (Loss of Ball, Point of Foul)."
"What is the penalty if a player illegally participates by going out of bounds on a Kick-off before possession has been legally gained?

<i>Rule 1 | Section 10 | Article 8</i>",Penalty - L10 from the point of kick-off repeat kick-off or option.
"What is the penalty if a player illegally participates by going out of bounds after possession has been legally gained on a Kick-off?

<i>Rule 1 | Section 10 | Article 8</i>","Penalty - L10 PP (Previous Play), PBH (Point Behind Hole), PBD (Point Ball Dead) or option."
"What is the penalty if a player of Team B reaches back into the field of play while still out of bounds and touches a kickoff?

<i>Rule 1 | Section 10 | Article 8</i>",Ball is dead at spot of touch with possession awarded along with 10-yard penalty for Illegal participation.
"Under what condition may a Referee remove a player due to equipment?

<i>Rule 1 | Section 11 | Article 1</i>","The Referee may remove any player from the game who is wearing equipment which, in the Referee’s opinion, endangers a participant."
"What is illegal regarding team uniforms?

<i>Rule 1 | Section 11 | Article 1</i>",No team shall wear uniforms that blend closely with the color of the ball. Numbers on uniforms must also be easy to identify.
"What is the prime responsibility for proper equipment?

<i>Rule 1 | Section 11 | Article 1</i>",The prime responsibility of proper equipment rests on the Head Coach or their designate.
"What are the mandatory equipment items that all players must wear?

<i>Rule 1 | Section 11 | Article 1</i>","All players must wear knee protection (soft padding or designed inserts without buckles, Velcro, clips, or straps), thigh guards, hip pads with tailbone protector, shoulder pads, a mouthguard covering all upper jaw teeth, and shoes meeting specific criteria or providing less ground fixation (like ripple soles or broomball type shoes without cleats)."
"What is prohibited regarding adhesive material, grease, or slippery substances?

<i>Rule 1 | Section 11 | Article 1</i>","Adhesive material, grease, or any other slippery substance applied on a player’s person or clothing that affects the ball or an opponent is illegal."
"What type of gloves are illegal?

<i>Rule 1 | Section 11 | Article 1</i>",Any gloves which have any type of webbing between the digits are illegal.
"What is the penalty for wearing illegal equipment (General a), b), f), g))?

<i>Rule 1 | Section 11 | Article 1</i>",The offending player shall be removed from the game until the illegal equipment is replaced or the score sheet is corrected.
"What is the penalty for violating mandatory equipment requirements (c))?

<i>Rule 1 | Section 11 | Article 1</i>","Loss of 5 yards from the point where the ball would have been put into play, or added to another penalty. The offending player is removed until illegal equipment is replaced. Immediate substitution is made without delay. If multiple players offend on the same play, only 1 penalty L5 is applied per play."
"What is the penalty for illegal adhesive materials, slippery substances, or gloves with webbing (d), e))?

<i>Rule 1 | Section 11 | Article 1</i>","For Team A: 1st/2nd down - Loss of 10 yards, Down Repeated (L10 DR); 3rd down - Loss of 10 yards, Down Not Gained (L10, DNG-LB PBD). For Team B: Loss of 10 yards, Play Last Scrimmage (L10 PLS). The offending player is removed until the illegal item is removed. Immediate substitution is made without delay. If multiple players offend on the same play, only 1 penalty L10 is applied per play."
"What type of helmets and facemasks are permitted?

<i>Rule 1 | Section 11 | Article 2</i>",Only helmets and facemasks approved by the National Operating Committee on Safety in Athletic Equipment (NOCSAE) shall be worn by players.
"What is the requirement for visors?

<i>Rule 1 | Section 11 | Article 2</i>","All visors must be clear, not tinted, and no medical exceptions are allowed."
"When must a player wear their helmet?

<i>Rule 1 | Section 11 | Article 2</i>",A player shall be required to wear the helmet while in bounds and shall not voluntarily remove it while the play is in progress.
"What is the penalty for violating helmet and facemask rules (a, b, c, d)?

<i>Rule 1 | Section 11 | Article 2</i>","The offending player shall be removed from the game until the situation is corrected, and the offending team is assessed a 10-yard penalty PBD."
"What happens if a player's helmet involuntarily comes off during play, not as a result of a foul?

<i>Rule 1 | Section 11 | Article 2</i>",The player shall be required to leave the game for 3 plays.
"What must a player do if they lose their helmet during play?

<i>Rule 1 | Section 11 | Article 2</i>",The player must stop participating in the play.
"What is the penalty for a player who loses their helmet and continues to participate in the play?

<i>Rule 1 | Section 11 | Article 2</i>",Loss of 10 yards Play Before Dead Ball (PBD) or Play Before Holding (PBH).
"How is hitting a player who has lost their helmet ruled?

<i>Rule 1 | Section 11 | Article 2</i>",Unnecessary Roughness.
"What type of mouthguard is required?

<i>Rule 1 | Section 11 | Article 3</i>","A player shall wear an intra-oral mouth and tooth protector, which includes an occlusial portion and an optional labial portion. It is recommended to be custom-fitted or fitted by impressing teeth into it."
"What is the penalty for a first infraction of not wearing a mouthguard properly?

<i>Rule 1 | Section 11 | Article 3</i>",The Referee shall clearly warn the offending player that the mouthguard must be in the proper position while participating.
"What is the penalty for a second or subsequent infraction of not wearing a mouthguard properly?

<i>Rule 1 | Section 11 | Article 3</i>","Loss of 5 yards from the point where the ball would have been put into play. The player shall be removed until properly equipped, with immediate substitution allowed."
"What are the specifications for acceptable cleated shoes?

<i>Rule 1 | Section 11 | Article 4</i>","A minimum of 7 cleats per sole with a minimum cleat tip diameter of 3/16 inch (4.8 mm). Additional cleats may have a lesser tip diameter, provided the maximum length is 1/2 inch (12.7 mm). The maximum cleat length is 1/2 inch (12.7 mm)."
"What types of cleats are illegal?

<i>Rule 1 | Section 11 | Article 4</i>","Cleats made of metal or with a metal tip, or made of any material that burrs, chips, or fractures, are illegal."
"What is the penalty for illegal footwear?

<i>Rule 1 | Section 11 | Article 4</i>","Loss of 5 yards from the point where the ball would have been put into play, or added to the penalty for any other foul. If more than 1 player offends on the same play, only 1 penalty L5 will be applied. The offending player is removed until illegal equipment is replaced, with immediate substitution and no game delay."
"What must the head coach or designated representative certify to the umpire before the game?

<i>Rule 1 | Section 11 | Article 5</i>","They must certify that all players have been informed of mandatory and illegal equipment, provided with mandatory equipment, instructed on how to wear it, and instructed to notify coaching staff if equipment becomes illegal during the game."
"What are the specifications for the distance chain?

<i>Rule 1 | Section 11 | Article 6</i>","Two rods connected by a chain exactly 10 yards (10 metres) long. Rods must be wood or aluminum, at least 6 feet (1.8 metres) high, preferably with a distinctive marking device at the top."
"What are the specifications for the downsbox?

<i>Rule 1 | Section 11 | Article 6</i>","A wooden or aluminum post with plates or a box numbered 1 to 3, with numbers at least 10 inches (25 cm) high and clearly visible to all officials and players."
"What is the pre-game requirement for all players concerning registration?

<i>Rule 1 | Section 12 | Article 1</i>",All players must be registered by name and number with the scorer prior to the start of the game.
"What is the penalty if an offending player is not registered according to the rule?

<i>Rule 1 | Section 12 | Article 1</i>","The offending player shall be removed from the game until the score sheet has been corrected. An immediate substitution will be made, but the game shall not be delayed."
"Are scores made by a non-registered player considered legal?

<i>Rule 1 | Section 12 | Article 1 Note 1</i>","Yes, any score made by a non-registered player is legal, provided the player is then registered on the score sheet."
"When may substitutes enter the field of play?

<i>Rule 1 | Section 12 | Article 2a</i>",Substitutes may enter the field of play only when the ball is dead.
"Where must a player leaving the game proceed?

<i>Rule 1 | Section 12 | Article 2b</i>","A player leaving the game shall proceed directly to the sideline on which their bench is located, and then to the team bench in the out-of-bounds area."
"When do sideline officials stop observing for possible substitutes?

<i>Rule 1 | Section 12 | Article 2c</i>",Sideline officials stop observing for possible substitutes and raise their arms to shoulder level as soon as Team A breaks its huddle.
"What is considered illegal regarding the use of substitution proceedings to deceive an opponent?

<i>Rule 1 | Section 12 | Article 2d</i>","The use of substitution proceedings, or alleged substitution proceedings, to deceive the opponent is illegal, specifically if a ""sleeper play"" occurs on the subsequent play after one or more Team A players or substitutes legally enter or leave the field."
"How is a ""sleeper play"" defined?

<i>Rule 1 | Section 12 | Article 2d</i>","A ""sleeper play"" is defined as a pass play or kick play designed to deceive the opponent, which occurs when an A player remains at the sideline adjacent to their team bench area, often with the ball on the opposite side of the field, and Team A lines up quickly, snaps the ball, and throws a forward pass or lateral to the remote A player."
"What is the penalty for using substitution proceedings to deceive an opponent with a sleeper play for Team A?

<i>Rule 1 | Section 12 | Article 2d Penalty</i>","Team A 1.2D –L10 DR, 3D DG –L10 DR, 3D DNG-LB, PBD."
"Under what condition must a substitute who enters the field remain for the subsequent play?

<i>Rule 1 | Section 12 | Article 2e</i>",A substitute who enters the field to the extent to be able to communicate with a teammate must remain on the field for the subsequent play.
"What is the penalty for a substitute who enters the field, communicates, but does not remain for the subsequent play?

<i>Rule 1 | Section 12 | Article 2e Penalty</i>","Team A 1.2D – L10 DR, 3D DG-L10 DR, 3D DNG-LB PBD. Team B L10."
"What is the maximum number of players and/or substitutes a team is allowed to have on the field during a play?

<i>Rule 1 | Section 12 | Article 3</i>",It is illegal for a team to have more than 12 players and/or substitutes on the field during a play.
"What is the penalty for a team having more than 12 players and/or substitutes on the field during a play?

<i>Rule 1 | Section 12 | Article 3 Penalty</i>","Team A 1.2D-L10 DR, 3D DG-L10 DR, 3D DNG-LB PBD. Team B L10."
"Who is responsible for fielding the correct number of players?

<i>Rule 1 | Section 12 | Article 3 Note</i>","Coaches, not officials, are responsible for fielding the correct number of players."
"Who are the only people legally allowed on the sidelines during a game?

<i>Rule 1 | Section 13 | Article 1</i>","During the game, the only persons who may legally occupy any position on the sidelines are: the field officials, the Downbox Official, the Yardstick Officials, the Time Keeper, and the Scorer."
"Who is allowed in the team bench area during a game?

<i>Rule 1 | Section 13 | Article 1</i>","During the game, the team bench area may be occupied only by substitute players, and other authorized non-playing personnel of the team, consisting of coaches, doctors, trainers, and equipment personnel."
"What are the dimensions for the team bench area's location and enclosure?

<i>Rule 1 | Section 13 | Article 1</i>","The team bench area shall be located a minimum of 5 yards (5 metres) and a maximum of 10 yards (10 metres) from the sideline. The area shall be enclosed by a line 4 inches (10 cm) wide, which is located at least 2 yards (2 metres) minimum, and 5 yards (5 metres) optimum from the sideline, and a line at each end of the bench 5 yards (5 metres) from the end."
"What is the penalty for occupants of the team bench encroaching on the sidelines or playing field?

<i>Rule 1 | Section 13 | Article 1</i>","Penalty: L10, no option, from point where the ball would have been put in play if no foul had occurred."
"When is a conference between coaches and players at the sideline legal?

<i>Rule 1 | Section 13 | Article 2</i>","During an official time out, a conference at the sideline between coaches and players of each team is legal. A similar conference is legal whenever the clock is stopped and a significant time delay occurs, e.g. a measurement, injury, TV commercial, etc."
"What is the penalty if an unauthorized person acting to the advantage of the team in possession interferes with play, and a score would have been made?

<i>Rule 1 | Section 13 | Article 3</i>","If it is obvious to the Referee that a score (such as a rouge or safety touch) would have been made, then the score will be awarded."
"What is the penalty if an unauthorized person acting to the advantage of the team in possession interferes with play, and a score would NOT have been made?

<i>Rule 1 | Section 13 | Article 3</i>","If it is not obvious that a score would have been made, the penalty is L10 PBH (Loss of 10 yards from the Point Behind the Ball)."
"What is the penalty if an unauthorized person acting to the advantage of the team not in possession interferes with play and it's obvious a touchdown would have been scored, or if the unauthorized person is a substitute, coach, trainer or other occupant of the team bench?

<i>Rule 1 | Section 13 | Article 3</i>",A touchdown shall be awarded.
"What is the penalty if an unauthorized person (not a substitute, coach, trainer, or other occupant of the team bench) interferes with a forward pass in the Field of Play, acting to the advantage of the team not in possession?

<i>Rule 1 | Section 13 | Article 3</i>",Half the distance to the goal line from PF (Point of Foul).
"What is the penalty if an unauthorized person (not a substitute, coach, trainer, or other occupant of the team bench) interferes with a forward pass in the End zone against Team A, acting to the advantage of the team not in possession?

<i>Rule 1 | Section 13 | Article 3</i>",Award the ball to Team A at the 1 yard (1 metre) line (unless a touchdown is awarded).
"What is the penalty if an unauthorized person touches or kicks a loose ball and it is obvious a score would have been made?

<i>Rule 1 | Section 13 | Article 3</i>",The score will be awarded.
"What is the penalty if an unauthorized person who is a substitute, coach, trainer, or other occupant of the team bench touches or kicks a loose ball?

<i>Rule 1 | Section 13 | Article 3</i>",The team will be penalized half the distance to their goal line from PF (Point of Foul).
"What is the penalty if an unauthorized person who is a substitute, coach, trainer, or other occupant of a team bench interferes with a player or a loose ball?

<i>Rule 1 | Section 13 | Article 3</i>",Disqualification from further participation in any capacity.
"Under what conditions can personnel enter the field during a stoppage in play?

<i>Rule 1 | Section 13 | Article 5</i>","During a stoppage in play for injury, or other reason, personnel of each team shall be allowed to enter the field with the Referee’s permission."
"What activities are personnel allowed to undertake when entering the field during a stoppage for injury or other reasons?

<i>Rule 1 | Section 13 | Article 5</i>","Such personnel may attend to the injured player or bring water to the players on the field, but shall not undertake any coaching activities."
"If a player leaves the game due to an injury, for how many plays are they required to be off the field?

<i>Rule 1 | Section 13 | Article 5</i>","When play has been stopped for a player injury, that player shall be required to leave the game for at least three plays."
"If a player leaves the game due to equipment repair, for how many plays are they required to be off the field?

<i>Rule 1 | Section 13 | Article 5</i>","When play has been stopped for equipment repair, that player shall be required to leave the game for at least one play."
"What is the penalty if a player who was required to leave the game for injury or equipment repair does not do so?

<i>Rule 1 | Section 13 | Article 5</i>","L10, no option."
"What is the subject of Rule 2?

<i>Rule 2 | Officials</i>",Officials
"What are the designated roles of field officials for a 7-official crew?

<i>Rule 2 | Section 1 | Article 1</i>","Referee (R), Umpire (U), Field Judge (FJ), Back Umpire (BU), Back Judge (BJ), Down Judge (DJ), Line Judge (LJ), and Side Judge (SJ)."
"What are the designated roles of field officials for a 5-official crew?

<i>Rule 2 | Section 1 | Article 1</i>","Referee (R), Umpire (U), Back Judge (BJ), Down Judge (DJ), Line Judge (LJ), and Side Judge (SJ)."
"What are the designated roles of field officials for a 3-official crew?

<i>Rule 2 | Section 1 | Article 1</i>","Referee (R), Umpire (U), Line Judge (LJ), and Side Judge (SJ)."
"How many officials may be designated per game, as specified by the governing authority?

<i>Rule 2 | Section 1 | Article 1</i>",The number of officials per game may be from 1 to 7.
"Who are the designated sideline officials?

<i>Rule 2 | Section 1 | Article 2</i>","Downbox Official, Yardstick Official (2 or 3), Timekeeper, and Scorer."
"How is the number of officials per game determined?

<i>Rule 2 | Section 1 | Article 3</i>","The number of officials per game shall be in accordance with the recommendations of the local, provincial, or national officials’ associations."
"Where are the responsibilities, positioning, and mechanics of officials covered?

<i>Rule 2 | Section 1 | Article 3</i>","Responsibilities, positioning, and mechanics are covered in the CFOA/Football Canada Officials’ Training Manual."
"What is the primary responsibility of all field officials in a game?

<i>Rule 2 | Section 2 | Article 1</i>",All field officials are equally responsible for the orderly conduct of the game and the enforcement of the rules.
"What action must field officials take if they recognize a player showing signs consistent with a concussion?

<i>Rule 2 | Section 2 | Article 1</i>","All field officials, upon recognizing any player who shows signs, symptoms, or behaviors consistent with a concussion, shall report their concerns through the Referee to the head coach or appropriate health-care professional."
"What equipment must each field official have?

<i>Rule 2 | Section 2 | Article 2</i>","Each field official shall be equipped with a whistle and a ""red"" coloured marker."
"What is the effect of sounding a whistle when the ball is in play?

<i>Rule 2 | Section 2 | Article 3</i>","The sounding of a whistle when the ball is in play shall cause the ball to be ruled dead, and shall stop the game."
"When should the whistle NOT be sounded in the event of an injury?

<i>Rule 2 | Section 2 | Article 3</i>",The whistle should not be sounded in the event of injury until the ball is dead.
"What signal indicates an infraction, and when does play stop after this signal?

<i>Rule 2 | Section 2 | Article 4</i>","The throwing of the marker shall indicate an infraction, but play shall continue until the sounding of a whistle."
"What signal does the Referee use to indicate that the ball is ready for play and that ""time is in""?

<i>Rule 2 | Section 2 | Article 5</i>","The Referee shall sound the whistle to indicate that the ball is ready for play, and shall signal that ""time is in"" by a downward sweep of the arm from the overhead position."
"Who should mark the out-of-bounds spot when the ball goes out of bounds?

<i>Rule 2 | Section 2 | Article 6</i>",The nearest official should mark the out-of-bounds spot when the ball goes out of bounds.
"When a foul is called, when should the official report it to the Referee?

<i>Rule 2 | Section 2 | Article 8</i>","When a foul is called, the official shall report it to the Referee immediately if the ball is dead, or if the ball is alive, as soon as it is dead."
"What actions will the Referee take after a foul has been reported to them?

<i>Rule 2 | Section 2 | Article 9</i>","When a foul has been reported to the Referee, the Referee will indicate the number of the player who committed the foul, give the penalty signal, assess the penalty, and signal that the ball is again ready for play."
"What is the official's responsibility regarding forward progress once the ball has been whistled dead?

<i>Rule 2 | Section 2 | Article 10</i>","When the ball has been whistled dead, the appropriate official shall mark the spot of forward progress of the ball, which will be the point of the subsequent play."
"What is the Referee's primary responsibility during a game?

<i>Rule 2 | Section 3: Referee (R) | Article 1</i>","The Referee shall take primary charge of the game, and shall guide and direct the work of the other officials."
"When can the Referee overrule another official's decision?

<i>Rule 2 | Section 3: Referee (R) | Article 1</i>",The Referee may overrule any other official.
"What is the Referee's role concerning game balls before the game?

<i>Rule 2 | Section 3: Referee (R) | Article 1</i>","The Referee shall test the game balls 30 minutes before the game, and the Referee’s decision shall be final as to the suitability of the balls."
"What action must the Referee take regarding field markings or ground rules before a game?

<i>Rule 2 | Section 3: Referee (R) | Article 2</i>","The Referee shall report any irregularities in field markings, or ground rules, to the captains before the game, and review these with the other officials before the game."
"What must the Referee explain to the non-offending captain when a foul is called?

<i>Rule 2 | Section 3: Referee (R) | Article 3</i>","When a foul is called, the Referee shall explain to the non-offending captain the application of the penalty, or any option to which the captain is entitled if they refuse the penalty."
"Who is responsible for keeping count of the downs?

<i>Rule 2 | Section 3: Referee (R) | Article 4</i>","The Referee shall keep count of the downs, subject to a check with the Down Judge."
"Who serves as the sole communication link between officials and team captains or coaches?

<i>Rule 2 | Section 3: Referee (R) | Article 5</i>",The Referee shall be the sole means of communication between the officials and the team captains or coaches.
"How are 3-minute warnings in each half communicated?

<i>Rule 2 | Section 3: Referee (R) | Article 6</i>","The Referee shall be notified by the Down Judge or Line Judge, when 3 minutes of play remains in each half. The Referee shall notify the captains, and the nearest official shall notify the coaches of each team."
"How does the Referee indicate the end of playing time in each period?

<i>Rule 2 | Section 3: Referee (R) | Article 7</i>","The Referee shall indicate that playing time has ended in each period, by sounding the whistle and signaling to the Timer."
"What action does the Referee take regarding the half time interval?

<i>Rule 2 | Section 3: Referee (R) | Article 8</i>",The Referee shall have the captains of each team warned when 3 minutes remains in the half time interval.
"What is the Referee's primary responsibility regarding Team A's actions?

<i>Rule 2 | Section 3: Referee (R) | Article 9</i>","The Referee shall take primary charge of Team A, and shall take a position behind Team A. The Referee is responsible to determine if the ball is put into play legally, cover the action of the passer and the kicker and their opponents."
"Who is responsible for marking the out-of-bounds spot when a ball goes out of bounds in flight?

<i>Rule 2 | Section 3: Referee (R) | Article 9</i>",The Referee shall be responsible for marking the out-of-bounds spot when a ball goes out of bounds in flight.
"What is the primary jurisdiction of the Umpire?

<i>Rule 2 | Section 4: Umpire (U) | Article 1</i>",The Umpire shall have primary jurisdiction over the actions of players of both teams on the line of scrimmage.
"Where does the Umpire position themselves?

<i>Rule 2 | Section 4: Umpire (U) | Article 1</i>",The Umpire shall take a position behind the defensive line of Team B.
"What are the Umpire's responsibilities regarding linebackers?

<i>Rule 2 | Section 4: Umpire (U) | Article 2</i>",The Umpire shall supervise the linebackers and their use of hands on eligible pass receivers of Team A.
"What types of passes and kicks does the Umpire cover?

<i>Rule 2 | Section 4: Umpire (U) | Article 2</i>",The Umpire shall cover short forward passes and short kicks over the centre of the line.
"What is the Umpire's role regarding Team A's ineligible receivers on the line of scrimmage?

<i>Rule 2 | Section 4: Umpire (U) | Article 2</i>",The Umpire shall check that Team A ineligible receivers on the line of scrimmage do not proceed downfield before a forward pass is thrown.
"How does the Umpire assist with crack-back blocking?

<i>Rule 2 | Section 4: Umpire (U) | Article 2</i>",The Umpire shall assist in coverage of crack-back blocking in the restricted area.
"What is the primary jurisdictional area of the Back Umpire?

<i>Rule 2 | Section 5 – Back Umpire (BU) | Article 1</i>",The Back Umpire has primary jurisdiction over the actions of players of both teams behind the Team B line.
"Where should the Back Umpire position themselves according to Article 1?

<i>Rule 2 | Section 5 – Back Umpire (BU) | Article 1</i>",The Back Umpire should take a position behind the deepest Team B player.
"What type of passes and kicks is the Back Umpire responsible for covering?

<i>Rule 2 | Section 5 – Back Umpire (BU) | Article 2</i>",The Back Umpire shall cover long passes in the centre of the field and kicks downfield.
"Under what condition does the Back Umpire rule on field goal attempts?

<i>Rule 2 | Section 5 – Back Umpire (BU) | Article 2</i>","The Back Umpire shall rule field goal attempts successful or not, specifically from outside the 10 yard (metre) line."
"What are the duties of the Back Judge?

<i>Rule 2 | Section 6: Back Judge (BJ)</i>",The duties of the Back Judge shall be identical with those of the Back Umpire.
"What are the Down Judge's primary responsibilities regarding the line of scrimmage and neutral zone?

<i>Rule 2 | Section 7: Down Judge (DJ) | Article 1</i>","The Down Judge shall be responsible for the general supervision of the line of scrimmage, the neutral zone, and the actions of the end and flankers on his/her side of the field."
"Where does the Down Judge position themselves at the start of a play?

<i>Rule 2 | Section 7: Down Judge (DJ) | Article 1</i>",The Down Judge shall take up a position on the line of scrimmage at a suitable distance in from the sideline on the same side of the field as the distance chain and Downsbox.
"What specific type of blocking is the Down Judge primarily responsible for covering at the snap?

<i>Rule 2 | Section 7: Down Judge (DJ) | Article 1</i>",The Down Judge shall be primarily responsible to cover crack-back blocking by players positioned on their side of the field when the ball is snapped.
"What actions related to passes and kicks is the Down Judge responsible for, when appropriate?

<i>Rule 2 | Section 7: Down Judge (DJ) | Article 2</i>","The Down Judge shall, when appropriate: a) Cover passes down his/her side of the field. b) Cover kicks down his/her side of the field."
"What are the Down Judge's responsibilities regarding substitutions?

<i>Rule 2 | Section 7: Down Judge (DJ) | Article 3</i>","The Down Judge shall: a) Systematically check his/her sideline for substitutes, and ensure legality of substitution procedures."
"When does the Down Judge notify the Referee about remaining time in each half and period?

<i>Rule 2 | Section 7: Down Judge (DJ) | Article 3</i>","The Down Judge shall: b) Notify the Referee when 3 minutes remain in each half, after being so notified by the timekeeper. c) Notify the Referee when 1 minute remains in each period, after being so notified by the timekeeper."
"Who supervises the placement of the distance chain and Downsbox, and under whose direction?

<i>Rule 2 | Section 7: Down Judge (DJ) | Article 4</i>","The Down Judge shall: a) Supervise the Yardstick officials and the Dowbox official in the placement of the distance chain and Downsbox, under the direction of the Referee."
"What is the Down Judge's role in keeping track of downs?

<i>Rule 2 | Section 7: Down Judge (DJ) | Article 4</i>",The Down Judge shall: b) Keep an accurate count of the downs to assist the Referee.
"What is the Down Judge's responsibility for the distance chain at the end of the 1st and 3rd periods?

<i>Rule 2 | Section 7: Down Judge (DJ) | Article 4</i>","The Down Judge shall: c) Be responsible for changing the position of the distance chain at the end of the 1st and 3rd periods to the identical spot, at the opposite end of the field, corresponding to the point at which play ended in that period."
"During a measurement, what is the Down Judge's specific task related to the distance chain?

<i>Rule 2 | Section 7: Down Judge (DJ) | Article 4</i>","The Down Judge shall: d) When a measure is required by the Referee, mark on the chain the spot corresponding to the far side of the cross stripe which is farthest from the ball within the span of the distance chain, and have the Yardstick Official bring the distance chain to the Referee."
"What must the Down Judge do regarding penalties and distances?

<i>Rule 2 | Section 7: Down Judge (DJ) | Article 4</i>",The Down Judge shall: e) Check distance applied on penalties.
"What are the responsibilities of the Line Judge?

<i>Rule 2 | Section 8: Line Judge (LJ) | Article 1</i>","The duties of the Line Judge shall be identical to those of the Down Judge covered in Section 7, Articles 1 to 3 inclusive, only."
"Where is the Side Judge typically positioned on the field?

<i>Rule 2 | Section 9: Side Judge (SJ) | Article 1</i>",On or near the sideline approximately eighteen to twenty yards in advance of the line of scrimmage.
"Which official does the Side Judge work the same side of the field as?

<i>Rule 2 | Section 9: Side Judge (SJ) | Article 1</i>",The Down Judge.
"Under whose direction do the Downbox and Yardstick Officials act?

<i>Rule 2 | Section 10: Downbox and Yardstick Officials | Article 1</i>",They shall act under the direction of the Down Judge.
"Where must the Downsbox and distance chain be positioned?

<i>Rule 2 | Section 10: Downbox and Yardstick Officials | Article 1</i>",The Downsbox and distance chain shall be positioned out of bounds.
"What is the responsibility of the Downbox Official regarding the Downsbox?

<i>Rule 2 | Section 10: Downbox and Yardstick Officials | Article 2</i>","The Downbox Official shall place the Downsbox at the point where the ball is to be scrimmaged, and indicate the number of each down on the Downsbox."
"Who directs the placement of the distance chain by the Yardstick Officials?

<i>Rule 2 | Section 10: Downbox and Yardstick Officials | Article 3</i>",The two Yardstick Officials shall place the distance chain as directed by the Down Judge.
"When a 3rd Yardstick Official is used, what is the purpose of their marker rod?

<i>Rule 2 | Section 10: Downbox and Yardstick Officials | Article 4</i>","If a 3rd Yardstick Official is used to hold a single marker rod on the sideline opposite the 10 yard (10 metre) objective line, this marker will not be used to determine whether a first down has been gained."
"Under whose direction may penalties be recorded by a 3rd Yardstick Official?

<i>Rule 2 | Section 10: Downbox and Yardstick Officials | Article 4</i>","Under the direction of the Referee, penalties may be recorded by a 3rd Yardstick Official."
"What information must the Scorer be provided with prior to the game?

<i>Rule 2 | Section 11: Timekeeper and Scorer | Article 1</i>","The Scorer shall be provided with a complete list of the eligible competing players, including names and correct numbers."
"Who must the scoresheet be presented to for signature after the game?

<i>Rule 2 | Section 11: Timekeeper and Scorer | Article 1</i>",The scoresheet must be presented to the Referee after the game for signature.
"How many timing devices should be used if two timekeepers are appointed?

<i>Rule 2 | Section 11: Timekeeper and Scorer | Article 2</i>","If 2 timekeepers are appointed, they shall use one timing device."
"Who operates the timing device when two timekeepers are appointed?

<i>Rule 2 | Section 11: Timekeeper and Scorer | Article 2</i>","When two timekeepers are appointed, one of them shall operate the timing device solely."
"Who settles disagreements between timekeepers?

<i>Rule 2 | Section 11: Timekeeper and Scorer | Article 2</i>","In the event of disagreement between timekeepers, the Referee shall be called immediately to settle any dispute or make any necessary adjustment."
"When does the Timekeeper notify the Down Judge or Line Judge about remaining time?

<i>Rule 2 | Section 11: Timekeeper and Scorer | Article 3</i>","The Timekeeper shall notify the Down Judge or the Line Judge when 3 minutes remain in the 2nd and 4th periods, and when 1 minute remains in each period."
"What action does the Timekeeper take at the commencement of the last minute of play in each period?

<i>Rule 2 | Section 11: Timekeeper and Scorer | Article 4</i>","At the commencement of the last minute of play, the Timekeeper will raise the flag and continue to keep it raised until the watch registers full time for the period."
"What happens if the ball becomes dead during the last minute of play and the Timekeeper's flag is still raised?

<i>Rule 2 | Section 11: Timekeeper and Scorer | Article 4</i>","If the ball becomes dead on any play and the flag is still raised, the ball will again be put into play."
"Under what condition is a period declared over by the Referee during the last minute of play?

<i>Rule 2 | Section 11: Timekeeper and Scorer | Article 4</i>","If the flag has been lowered since the last time the ball was put into play, the period will be over, and so declared by the Referee, subject to fouls committed during the last play."
"How many points are awarded for a Touchdown?

<i>Rule 3 | Scoring | Table of Scores</i>",6 Points
"What is the point value of a Rouge?

<i>Rule 3 | Scoring | Table of Scores</i>",1 Point
"How many points does a Field Goal award?

<i>Rule 3 | Scoring | Table of Scores</i>",3 Points
"What are the possible point values for a Convert?

<i>Rule 3 | Scoring | Table of Scores</i>",1 or 2 Points
"How many points is a Safety Touch worth?

<i>Rule 3 | Scoring | Table of Scores</i>",2 Points
"Which team is declared the winner?

<i>Rule 3 | Scoring | Table of Scores</i>",The team scoring the majority of the points.
"Under what conditions is a touchdown scored when the ball is in the opponent's end zone?

<i>Rule 3 | Section 2 – Definitions | Article: Touchdown</i>","A touchdown is scored when the ball is in the opponent’s end zone in possession of a player, or when a forward pass is legally completed in the opponent’s end zone."
"When is a touchdown scored in relation to the goal line?

<i>Rule 3 | Section 2 – Definitions | Article: Touchdown</i>","A touchdown is scored when the ball in the possession of a player crosses or touches the goal line, or the plane of the goal line, even in the air."
"What are the options for the team scored against after a touchdown?

<i>Rule 3 | Section 2 – Definitions | Article: Touchdown</i>","After a touchdown, the team scored against may elect to have the play put into play by kicking off from its own 45 yard (40 metre) line or by requiring the scoring team to kick off from its 45 yard (40 metre) line."
"How is a field goal scored by a drop or place kick?

<i>Rule 3 | Section 2 – Definitions | Article: Field Goal</i>","A field goal is scored by a drop or place kick (except on a kick off) when the ball, after being kicked and without again touching the ground, goes over the crossbar and between the goal posts (or goal posts produced) of the opponent’s goal, regardless of whether it touches the goal post assembly."
"What happens if the ball touches a player after being kicked but still goes over the crossbar and between the goal posts?

<i>Rule 3 | Section 2 – Definitions | Article: Field Goal</i>","If, after being kicked, the ball touches, or is touched by any player before it crosses the line of scrimmage; or touches or is touched by a B player after it crosses the line of scrimmage; and the ball continues forward in the air over the cross bar between the goal posts, the field goal shall score."
"What are the options for the team scored against after a field goal?

<i>Rule 3 | Section 2 – Definitions | Article: Field Goal</i>","After a field goal, the team scored against may elect to have the ball put into play by scrimmaging the ball at its own 35 yard (30 Metre) line, by kicking off from its own 35 yard (30 metre) line, or by requiring the scoring team to kick off from its 45 yard (40 metre) line."
"When is a safety touch scored?

<i>Rule 3 | Section 2 – Definitions | Article: Safety Touch</i>","A safety touch is scored when the ball becomes dead in possession of a team in its own end zone, or goes out of bounds in the end zone, as a result of the ball having been carried, kicked, fumbled or otherwise directed from the field of play into the end zone by the team scored against, or as a DIRECT result of a kick being blocked in the field of play."
"What happens if a player intercepts a forward pass in the field of play and their momentum carries them into their own end zone?

<i>Rule 3 | Section 2 – Definitions | Article: Safety Touch</i>","If a player intercepts a forward pass in the field of play while moving toward the player’s goal line, and in the judgment of the official, the momentum carries the player into the player’s end zone, possession is deemed to have been gained in the end zone, resulting in a safety touch."
"What is the consequence for the scoring team after a safety touch?

<i>Rule 3 | Section 2 – Definitions | Article: Safety Touch</i>","After a safety touch, the scoring team will scrimmage the ball from its own 35-yard (30 metre) line."
"When is a rouge (single point) scored?

<i>Rule 3 | Section 2 – Definitions | Article: Rouge or Single Point</i>","A rouge is scored when the ball becomes dead in possession of a team in its own end zone, or goes out of bounds in its end zone, as a result of the ball having been kicked into the end zone by an opponent."
"Under what condition is possession deemed to have been gained in the end zone for a kicked ball leading to a rouge?

<i>Rule 3 | Section 2 – Definitions | Article: Rouge or Single Point</i>","If a player catches a kicked ball in the field of play while moving toward their goal line, and in the judgment of the official, this momentum carries them into their team’s end zone, possession is deemed to have been gained in the end zone."
"What happens if a kick-off is kicked directly out of bounds in flight in the end zone?

<i>Rule 3 | Section 2 – Definitions | Article: Rouge or Single Point</i>","If a kick-off is kicked directly out of bounds, in flight in the end zone, no point will be awarded, and the ball will be scrimmaged by the receiving team – 1D at their own 20 yard (20 metre) line, at any point on or between the hash marks."
"What are the options for the team scored against after a rouge resulting from an unsuccessful field goal attempt?

<i>Rule 3 | Section 2 – Definitions | Article: Rouge or Single Point</i>","If a rouge was scored as a result of an unsuccessful field goal attempt, the team scored against may choose to scrimmage at any point on or between the hash marks on their own 35 yard (30 metre) line, or at any point on or between the hash marks at the previous line of scrimmage."
"How many points are awarded for a field goal attempt on a convert?

<i>Rule 3 | Section 2 – Definitions | Article: Convert</i>",One (1) point is awarded for kicking a field goal on a convert attempt.
"How many points are awarded for scoring a touchdown on a convert attempt?

<i>Rule 3 | Section 2 – Definitions | Article: Convert</i>",Two (2) points are awarded for scoring a touchdown on a convert attempt.
"What types of kicks are prohibited during a convert attempt?

<i>Rule 3 | Section 2 – Definitions | Article: Convert</i>",A punt or onside kick is prohibited during a convert attempt.
"What is the penalty for an illegal interference on a forward pass by Team B during a convert attempt?

<i>Rule 3 | Section 2 – Definitions | Article: Convert</i>","For an illegal interference on a forward pass by Team B, Team A shall repeat the convert attempt at the Team B 1 yard (1 metre) line, or 15 yards in advance of the PLS whichever is closer to Team A goal line, or repeat the convert at the PLS and apply the penalty (L15) on the kick off."
"What defines the line of scrimmage?

<i>Rule 4 | Section: SCRIMMAGE | Article 1</i>","The line of scrimmage is an imaginary line, extending from sideline to sideline, parallel to the goal line and passing through the point of the ball farthest from Team A


s goal line."
"What are the dimensions of the neutral zone?

<i>Rule 4 | Section: SCRIMMAGE | Article 2</i>","The neutral zone is the area from the line of scrimmage to 1 yard (1 metre) in advance of the line of scrimmage, extending from sideline to sideline."
"How is the close line play area defined?

<i>Rule 4 | Section: SCRIMMAGE | Article 3</i>","The close line play area is defined as the area bounded by the outer shoulder of the offensive tight ends or positions ordinarily occupied by the tight end, within 2 yards either side of the line of scrimmage (Total 4 yards 


4 metres)."
"What criteria define line players of Team A?

<i>Rule 4 | Section: SCRIMMAGE | Article 4</i>",Line players of team A are those players whose head and shoulders are within 1 yard (1 metre) and on their own side of the line of scrimmage and are formed in a single line when the ball is snapped.
"Who are considered eligible receivers among Team A line players?

<i>Rule 4 | Section: SCRIMMAGE | Article 4</i>","Line players include the 5 ineligible receivers and the two eligible receivers, one at each end."
"Under what conditions can a Team A player in the backfield be considered an eligible receiver?

<i>Rule 4 | Section: SCRIMMAGE | Article 4</i>","Any Team A player(s) in the backfield, while moving forward, anywhere between the eligible end(s) and tackle(s), shall also be considered eligible receiver(s) as long as they remain onside at the time the ball is snapped. This will include the player occupying the position of quarterback."
"What is the penalty for a Team A player being in a doubtful position regarding the line of scrimmage at the snap?

<i>Rule 4 | Section: SCRIMMAGE | Article 4</i>","Penalty: 1.2D 


L5 DR; 3D DG 


L5 DR; DNG 


LB PBD."
"When a Rule 4 violation occurs before the snap, what action can officials take?

<i>Rule 4 | Section: SCRIMMAGE | Article 5</i>","Where a violation under Rule 4 occurs prior to the snap of the ball, the officials are empowered to stop the play immediately."
"What happens to the down if a Rule 4 pre-snap violation occurs and the penalty distance is declined?

<i>Rule 4 | Section: SCRIMMAGE | Article 5</i>","The down will be repeated, without option, at the appropriate point, after the acceptance or declination of the penalty distance."
"What defines the blocking below the waist zone?

<i>Rule 4 | Section: SCRIMMAGE | Article 6</i>","The blocking below the waist zone is defined as an area bounded by the outer shoulder of the offensive tight ends or the positions ordinarily occupied by the tight end, within 2 yards of the defensive side of the line of scrimmage extending back to the initial position of the quarterback, running back (in normal position) or kicker."
"What is the primary action a Team A centre must perform to put the ball in play on a scrimmage play?

<i>Rule 4 | Section 2 | Article 1</i>","The centre of Team A shall put the ball in play by ""snapping"" it between the legs in one continuous motion in the direction from toe to heel."
"After the ball is snapped, when can the centre handle the ball again?

<i>Rule 4 | Section 2 | Article 1</i>",The ball must leave the center’s hand or hands and the centre shall not handle it again until it has been in possession of another player.
"Under what conditions can a player who is not officially the centre be considered the centre for the purpose of snapping the ball?

<i>Rule 4 | Section 2 | Article 1</i>","Any player who takes a position over the ball, with one or both hands on the ball, shall snap the ball, and be considered as the centre."
"What is the penalty for a centre intentionally moving the ball as if to snap it to draw opponents offside?

<i>Rule 4 | Section 2 | Article 1</i>","The penalty is 1.2D-L5 DR, 3D DG-L5 DR, 3D DNG-LB PBD."
"What types of actions by either team are considered misleading tactics designed to draw an opponent offside?

<i>Rule 4 | Section 2 | Article 2</i>","No player of either team shall make a motion obviously designed to draw an opponent offside. No player of either team shall voice a signal which, in the opinion of the official, draws an opponent offside."
"When can a Team A quarterback be penalized for misleading tactics related to the snap?

<i>Rule 4 | Section 2 | Article 2</i>","Team A shall be penalized if the quarterback: a) makes a quick movement towards the centre, without the ball being immediately snapped, or b) assumes a stance with his/her hands under the centre, and makes such motion as bobbing head, moving shoulders, or flexing knees in a jerky motion without the ball being snapped, or c) assumes a stance with his/her hands under the centre and moves away quickly from the centre without the ball being snapped."
"What is the penalty for Team A committing misleading tactics?

<i>Rule 4 | Section 2 | Article 2</i>","The penalty for Team A is 1.2D – L5 DR, 3D DG-L5 DR, 3D DNG – LB PBD."
"Under what condition is a player allowed to be in the neutral zone before the ball is snapped?

<i>Rule 4 | Section 2 | Article 3</i>","The head, arms and hands of the centre may be in advance of the line of scrimmage."
"What happens if a Team B player goes offside and breaks the plane of the line of scrimmage before the snap?

<i>Rule 4 | Section 2 | Article 3</i>","The officials shall stop the play immediately, and award the penalty, subject to the right of Team A to decline the penalty and have the same down repeated as though a foul had not occurred."
"What is the penalty for offside by Team A or Team B?

<i>Rule 4 | Section 2 | Article 3</i>","The penalty for Team A is 1.2D – L5 DR, 3D DG – L5 DR, 3D DNG – LB PBD. The penalty for Team B is L5."
"How much time does the Referee allow for the ball to be put into play?

<i>Rule 4 | Section 2 | Article 4</i>",The Referee shall allow 20 seconds for the ball to be put into play.
"When is Team A given a full 20 seconds to snap the ball after the game is stopped during the time count?

<i>Rule 4 | Section 2 | Article 4</i>","Team A will receive a full 20 seconds to snap the ball if the game is stopped due to: a time out request by either team, a foul by either team, or a reason associated with Team B (substitution of 3 or more players, player injury, player equipment, etc.)."
"What is the penalty for a time count violation before the 3-minute warning signal and in overtime?

<i>Rule 4 | Section 2 | Article 4</i>","The penalty is 1, 2, 3D – L5 DR."
"What is the penalty for a time count violation after the 3-minute warning signal in any half?

<i>Rule 4 | Section 2 | Article 4</i>","For 1st or 2nd down, it is Team B option LD or L10DR. For 3rd down, it is L10DR."
"What happens if Team A has two consecutive time count penalties?

<i>Rule 4 | Section 2 | Article 4</i>",The Referee will order Team A to put the ball in play legally within 20 seconds or forfeit possession to Team B.
"What are the legal numbers for players in Canadian football?

<i>Rule 4 | Section 3 | Article 1</i>",Legal numbers are from 0 to 99 inclusive.
"What numbering system identifies eligible pass receivers for Team A?

<i>Rule 4 | Section 3 | Article 1</i>","Eligible Pass Receivers are identified by numbers 0 to 49, and 80 to 99."
"What numbering system identifies ineligible pass receivers for Team A?

<i>Rule 4 | Section 3 | Article 1</i>",Ineligible Pass Receivers are identified by numbers 50 to 79.
"Under what condition can an inappropriately numbered player be an eligible or ineligible receiver?

<i>Rule 4 | Section 3 | Article 1</i>","On any given play from scrimmage, any number of positions may be occupied by inappropriately numbered players who have reported to the Referee as eligible or ineligible receivers."
"How many Team A players must be within 1 yard and on their own side of the line of scrimmage when the ball is put into play, excluding the quarterback?

<i>Rule 4 | Section 3 | Article 2</i>","At least seven Team A players must be within 1 yard (1 metre) and on their own side of the line of scrimmage, not including the player in the position usually occupied by the quarterback."
"When can a player at either end of the line of scrimmage be in motion?

<i>Rule 4 | Section 3 | Article 2</i>","The player who, at the snap of the ball is occupying a position at either end of the line of scrimmage may be in motion while within 1 yard of the line of scrimmage but must not be moving towards the opponent’s goal line when the ball is put into play."
"What happens if Team A has fewer than 7 players on the line due to a Team A offside?

<i>Rule 4 | Section 3 | Article 2</i>","If Team A has fewer than 7 players on the line due to a Team A offside, the penalty shall be for offside only."
"How many interior line players must Team A have, identified as ineligible pass receivers, and how must they be positioned?

<i>Rule 4 | Section 3 | Article 3</i>","Team A shall have at least 5 interior line players identified as ineligible pass receivers, who must be positioned in a continuous, unbroken line."
"In addition to interior line players, how many players at each end of the line must be identified as eligible receivers?

<i>Rule 4 | Section 3 | Article 3</i>",One player at each end of the line shall be identified as an eligible receiver.
"What motion is prohibited for Team A Line Players after assuming a three-point or four-point stance?

<i>Rule 4 | Section 3 | Article 4</i>",Team A Line Players after having assumed a three-point or four-point stance may not break their stance by lifting a hand.
"What must all Team A Line Players, including the Centre, do immediately prior to the snap of the ball?

<i>Rule 4 | Section 3 | Article 4</i>","All Team A Line Players, including the Centre, must become stationary and remain motionless for at least one second immediately prior to the snap of the ball."
"What motion is the centre allowed to make prior to the snap?

<i>Rule 4 | Section 3 | Article 4</i>","The centre is allowed to make the motion which is necessary to snap the ball, but may not break their 3- or 4-point stance on the ball, to allow another player to become the centre."
"What is the penalty for a violation of the stance and motion rules for Team A Line Players?

<i>Rule 4 | Section 3 | Article 4</i>","The penalty is: 1.2D – L5 DR, 3D DG – L5 DR, 3D DNG – LB PBD."
"When can Team A choose the ball's placement on or between the hash marks after certain plays or fouls?

<i>Rule 4 | Section 4: Points of Scrimmage Restrictions | Article 1</i>","Team A may elect to put the ball into play at any point on or between the hash marks after a scoring play, after the ball has been declared dead in the end zone, following a penalty for a foul in the end zone or on a convert, or if the ball strikes the goal post assembly in flight, unless a rule specifies the PLS as the next point of scrimmage."
"What happens if a rule specifies the PLS as the next point of scrimmage, even after an event where Team A might normally choose ball placement?

<i>Rule 4 | Section 4: Points of Scrimmage Restrictions | Article 1</i>","If a rule specifies that the next point of scrimmage is the PLS, the ball will be placed at that specific spot."
"Where is the ball scrimmaged if it becomes dead within 24 yards (22 metres) of the sideline or goes out of bounds?

<i>Rule 4 | Section 4: Points of Scrimmage Restrictions | Article 2</i>",It shall next be scrimmaged 24 yards (22 metres) in from that sideline at the yardage point where it became dead.
"What is the point of scrimmage if Team A has possession of the ball within 1 yard (1 metre) of either goal line?

<i>Rule 4 | Section 4: Points of Scrimmage Restrictions | Article 3</i>",It shall be scrimmaged on the 1 yard (1 metre) line.
"Under what specific conditions on 3rd down can Team A position the ball away from the goal posts due to wet ground?

<i>Rule 4 | Section 4: Points of Scrimmage Restrictions | Article 4</i>","In the case of wet ground, on 3rd down on or within their own 15 yard (15 metre) line, Team A may position the ball away from the goal posts at the closest hash mark, or closest suitable spot to that point."
"When can Team A position the ball away from the goal posts at the closest hash mark or suitable spot on any down due to wet ground?

<i>Rule 4 | Section 4: Points of Scrimmage Restrictions | Article 5</i>","In the case of wet ground, on any down on or within their own 5 yard (5 metre) line, Team A may position the ball away from the goal posts at the closest hash mark, or closest suitable spot to that point."
"What is the definition of interference in the context of this rulebook?

<i>Rule 4 | SECTION 5: INTERFERENCE | Article 1</i>","Interference is a general term, applicable to both teams, committed when a player obstructs, blocks, or charges against an opponent, even without direct contact, preventing their approach to the ball carrier, potential ball carrier, or the ball."
"How is 'screening' defined in relation to interference?

<i>Rule 4 | SECTION 5: INTERFERENCE | Article 1</i>",Screening is interference without direct contact.
"What constitutes 'blocking below the waist'?

<i>Rule 4 | SECTION 5: INTERFERENCE | Article 1</i>","Blocking below the waist is making initial contact below the waist against an opponent, other than the ball carrier, with any part of the blocker's body."
"Under what conditions is the use of hands and arms in blocking considered legal?

<i>Rule 4 | SECTION 5: INTERFERENCE | Article 1</i>","The use of hands and arms is legal if: hands are slightly behind, even with, or in advance of elbows; arms are fully extended; hands are open (palms facing opponent) or cupped/closed (palms not facing opponent); hands and arms are not used to strike, punch, grasp, pull, encircle, lift, hook, lock, or clamp; and hands are not clasped or locked. On a rolling or cross body block, hands may also be legally extended from the body."
"When may Team A players interfere with opponents on a play from scrimmage?

<i>Rule 4 | SECTION 5: INTERFERENCE | Article 2</i>","On any play from scrimmage, except when the ball is kicked across the line of scrimmage, all Team A players may interfere with opponents from deadline to deadline."
"When is it illegal for a Team A player to block an opponent below the waist on a play from scrimmage?

<i>Rule 4 | SECTION 5: INTERFERENCE | Article 2</i>","On any play from scrimmage, it is illegal for a player to block an opponent below the waist except as per Rule 7 Section 3 Article 19."
"On a play from scrimmage, how may Team B players use their hands and arms against Team A?

<i>Rule 4 | SECTION 5: INTERFERENCE | Article 3</i>","On any play from scrimmage, B players may use their hands and arms to reach the ball carrier, but shall not hold or encircle any A player other than the ball carrier."
"When is it illegal for a Team B player to block an opponent below the waist on a play from scrimmage?

<i>Rule 4 | SECTION 5: INTERFERENCE | Article 3</i>","On any play from scrimmage, it is illegal for a player to block an opponent below the waist except as per Rule 7 Section 3 Article 19."
"How many attempts (downs) does the team in possession have to gain 10 yards (10 metres) after a kick-off?

<i>Rule 4 | Section 6: Miscellaneous | Article 1</i>",The team in possession shall have 3 attempts (downs) to gain the required distance of 10 yards (10 metres).
"What are the ways a team may advance the ball during a down?

<i>Rule 4 | Section 6: Miscellaneous | Article 1</i>","It may be advanced by carrying it, kicking it, or throwing it."
"What happens if Team A does not gain the required 10 yards in a series of downs?

<i>Rule 4 | Section 6: Miscellaneous | Article 1</i>",The ball shall be awarded to the opponents as 1st down at the point where the ball becomes dead.
"When measuring for a 1st down, which part of the ball is the determining point?

<i>Rule 4 | Section 6: Miscellaneous | Article 2</i>","The forward point of the ball, not its centre, shall be the determining point."
"Can a touchdown be awarded as a result of rotating the ball for measurement?

<i>Rule 4 | Section 6: Miscellaneous | Article 2</i>","No, a touchdown cannot be awarded as a result of this rotation."
"What is the penalty for a Team A teammate helping the ball carrier by grasping, pulling, pushing, or charging into him/her to assist forward progress on 1st or 2nd down?

<i>Rule 4 | Section 6: Miscellaneous | Article 3</i>","Team A – 1,2D –L5 DR."
"What is the penalty for a Team A teammate helping the ball carrier by grasping, pulling, pushing, or charging into him/her to assist forward progress on 3rd down when the distance is gained (DG)?

<i>Rule 4 | Section 6: Miscellaneous | Article 3</i>",Team A – 3D DG –L5 PBH.
"What is the penalty for Team A players holding hands or locking arms in making a block on 1st or 2nd down?

<i>Rule 4 | Section 6: Miscellaneous | Article 4</i>",Team A – 1.2D – L10 DR.
"What is the penalty for Team B players holding hands or locking arms in an effort to break up interference protecting the ball carrier?

<i>Rule 4 | Section 6: Miscellaneous | Article 4</i>",Team B – L10 PLS or PBH.
"What is the penalty for Team A players holding hands or locking arms in making a block?

<i>Rule 5 | Section 1 | Article 4</i>","The penalty for Team A is 1st or 2nd Down Loss of 10 yards, Down Repeated (1.2D L10 DR); 3rd Down Gain, Loss of 10 yards, Down Repeated (3D DG L10 DR); or 3rd Down No Gain, Loss of Ball, Play Blown Dead (3D DNG LB PBD)."
"What is the penalty for Team B players holding hands or locking arms in an effort to break up interference protecting the ball carrier?

<i>Rule 5 | Section 1 | Article 4</i>",The penalty for Team B is Loss of 10 yards from the Point of Last Scrimmage (PLS) or Point of Ball Held (PBH).
"Under what condition is a ball ruled a fumble instead of a kick if it accidentally strikes a player's foot or leg?

<i>Rule 5 | Section 1 | Definitions | a)</i>","If the ball accidentally strikes a player’s foot or leg while they are attempting to gain possession, it shall be ruled as a fumble if, in the official’s judgment, the player made no effort to kick the ball."
"When making a place kick, what is the maximum height the lowest point of the ball can be above the ground if a tee is used?

<i>Rule 5 | Section 1 | Definitions | c)</i>",The lowest point of the ball may not be more than 1 inch (2.54 cm) above the ground when a tee is used for a place kick.
"Under what conditions does an offside player become an onside player after the ball has been kicked towards the opponent's deadline?

<i>Rule 5 | Section 1 | Definitions | j)</i>","An offside player becomes an onside player when the ball, after being kicked towards the opponent’s deadline, touches an opponent, the kicker, or another onside player."
"What is the exception to an offside player becoming onside if a Team B player touches the ball on a kick from scrimmage?

<i>Rule 5 | Section 1 | Definitions | j)</i>","If on a kick from scrimmage a Team B player touches the ball before it crosses the line of scrimmage, such touching does not put an offside player onside."
"What are the allowed methods for holding the ball for a kick off?

<i>Rule 5 | Section 2 | Article 1</i>","The ball may be held, placed on the ground, or placed on a tee, provided that the lowest point of the ball is not more than 1 inch (2.54 cm) above the ground."
"From where must a kick off be made at the start of the first and third periods?

<i>Rule 5 | Section 2 | Article 1</i>",From any point on or between the hash marks on Team A’s 45 yard (40 metre) line.
"After Team A scores a field goal, what options does the team scored against have regarding the subsequent kick off?

<i>Rule 5 | Section 2 | Article 1</i>",The team scored against may elect to kick off or scrimmage from its own 35 yard (30 metre) line. Team A will kick off from its 45 yard (40 metre) line if the option is not taken.
"How is the neutral zone defined on a kick off?

<i>Rule 5 | Section 2 | Article 2</i>","The neutral zone on a kick off is the area from the line of kick off to the line 10 yards (10 metres) in advance of the line of kick off, from sideline to sideline."
"What is the minimum distance the ball must be kicked towards the opponent's goal on a legal kick off, unless touched by an opponent?

<i>Rule 5 | Section 2 | Article 3</i>",The ball must be kicked at least 10 yards (10 metres) toward the opponent’s goal.
"What is the penalty if Team A illegally touches and recovers the ball on a kick off?

<i>Rule 5 | Section 2 | Article 3</i>","Team B has the option of L5 kick off repeated, or B possession as 1D at the point of illegal touching, the point of recovery by Team A, or at the out-of-bounds point, or decline and take the result of the play."
"What happens if a kick off goes out of bounds at the sideline without being touched by a player?

<i>Rule 5 | Section 2 | Article 3</i>","Team B has the option of L5 kick off repeated, possession at the out-of-bounds point, or possession 25 yards in advance of point of kick off."
"What happens if a kick off goes out of bounds in the end zone in flight without being touched by a player?

<i>Rule 5 | Section 2 | Article 3</i>","The ball is immediately dead and Team B shall scrimmage at any point on or between the hash marks on its own 20 yard (20 metre) line, with no option."
"When does Team A score 1 point on a kick off related to the end zone?

<i>Rule 5 | Section 2 | Article 3</i>","If Team B fails to advance the ball out of the end zone, or the kick off lands inbounds, and then goes out of bounds in the end zone, Team A scores 1 point."
"At the instant the ball is kicked off, which players of Team A are allowed to be in advance of the ball?

<i>Rule 5 | Section 2 | Article 4</i>",Only the player who may be holding the ball for the kickoff or the kicker.
"What is the penalty for Team A being offside on a kick off?

<i>Rule 5 | Section 2 | Article 4</i>","L5, kick off repeated or L5 PBD."
"What is the penalty if Team B players are in the neutral zone before the ball is kicked on a kick off?

<i>Rule 5 | Section 2 | Article 4</i>","L5 to Team B, kick off repeated."
"Under what conditions may Team B players interfere with an opponent on a kick off?

<i>Rule 5 | Section 2 | Article 5</i>","Team B players may interfere with any opponent within bounds, after the ball is kicked, until it is declared dead, provided that the initial contact is made at or above the waist."
"When is it illegal for Team A players to block on a kick off?

<i>Rule 5 | Section 2 | Article 5</i>","Any form of blocking by Team A players is illegal interference, except when using hands and arms to ward off blockers or using bodies in blocking against players protecting the ball carrier, provided initial contact is at or above the waist."
"What is the penalty for illegal interference by Team A when the ball is in flight during a kick off, if the foul is in an area remote from the point of possession and does not affect the gaining of possession by Team B?

<i>Rule 5 | Section 2 | Article 5</i>",L10 PP (point of possession).
"What is a 'Wedge Block' and what is its penalty?

<i>Rule 5 | Section 2 | Article 5</i>",A 'Wedge Block' is when 3 or more players align shoulder to shoulder within 2 yards of each other and move forward in an attempt to block for a ball carrier. The penalty is L10 PBH (point behind the ball) or PP (point of possession).
"What is the definition of a blocked kick from scrimmage?

<i>Rule 5 | Section 3 | Article 1</i>","A blocked kick from scrimmage is when the ball, after being kicked, is prevented from crossing the line of scrimmage due to contact with an opponent or an offside Team A player. It is not a blocked kick if the ball then crosses the line of scrimmage after such contact."
"How is a deflected kick different from a blocked kick?

<i>Rule 5 | Section 3 | Article 1</i>","A deflected kick is when the ball, after being contacted by an opponent or offside Team A player, still crosses the line of scrimmage. The touching of the ball is disregarded for a deflected kick."
"When is a return kick considered a blocked kick?

<i>Rule 5 | Section 3 | Article 1</i>","A return kick is considered blocked when an opponent touches the ball simultaneously with or immediately after it is kicked, and the ball then travels parallel to or towards the kicking team's dead line. It is not a blocked kick if it travels towards the opponent's dead line after contact."
"What happens if Team B legally recovers a blocked kick in bounds?

<i>Rule 5 | Section 3 | Article 2</i>","If Team B legally recovers a blocked kick in bounds, it is Team B's 1st down at the point where the ball went dead (PBD)."
"What are the down consequences if Team A legally recovers a blocked kick in bounds on 1st or 2nd down?

<i>Rule 5 | Section 3 | Article 2</i>","If Team A legally recovers a blocked kick in bounds on 1st or 2nd down, downs continue unless yards are gained."
"Can Team A throw a forward pass after legally recovering a blocked kick?

<i>Rule 5 | Section 3 | Article 2</i>","Yes, when Team A legally recovers a blocked kick, the continuing play is considered a normal play from scrimmage, and a forward pass may be thrown, subject to Rule 4, Section 3, Article 3."
"Under what condition is a forward pass illegal after a blocked kick?

<i>Rule 5 | Section 3 | Article 2</i>","If Team B recovers a blocked kick and then loses possession to Team A, a forward pass by either team is illegal, with the exception of a convert attempt."
"What is the ruling if a blocked kick goes out of bounds in the field of play, and Team A last touched it on 1st or 2nd down?

<i>Rule 5 | Section 3 | Article 3</i>","If a blocked kick goes out of bounds in the field of play, and Team A last touched it on 1st or 2nd down, possession is retained by Team A, downs continue unless the required distance is gained. The next down is 24 yards (22 metres) in from the sideline, at the point of last touching by A, or the point where the ball went out of bounds, whichever is closer to the A goal line."
"What is the ruling if a blocked kick goes out of bounds in the field of play, and Team B last touched it?

<i>Rule 5 | Section 3 | Article 3</i>","If a blocked kick goes out of bounds in the field of play, and Team B last touched it (on 1st, 2nd, or 3rd down), possession is awarded to Team B for a 1st down, 24 yards (22 metres) in from the sideline at the point of last touching by B, or at the point where the ball went out of bounds, whichever is closer to the B goal line."
"How many points are awarded if a blocked kick goes dead in Team A's possession in the end zone or is last touched by A before going out of bounds in the end zone?

<i>Rule 5 | Section 3 | Article 4</i>",2 points (safety touch) are awarded to Team B.
"What is the ruling if a blocked kick is directed into the end zone by a Team B player, and then goes dead in Team A's possession in the end zone?

<i>Rule 5 | Section 3 | Article 4</i>","If a blocked kick is directed into the end zone from the field of play by a Team B player and goes dead in Team A's possession in the end zone, Team A gets 1st down at the 20-yard line (no score)."
"What is the ruling if a return kick by Team B is blocked by Team A in the B end zone, and the ball goes dead in B's possession in the B end zone?

<i>Rule 5 | Section 3 | Article 4</i>","If a return kick by Team B is blocked by Team A in the B end zone, and the ball goes dead in B's possession in the B end zone, a score of 1 or 2 points, as appropriate, is awarded to Team A."
"What is 'pyramiding' in football rules?

<i>Rule 5 | Section 3 | Article 5</i>","Pyramiding is when a player uses the body of another player anywhere in bounds in any way to gain or maintain elevation on any play, or elevates a teammate in any way on any play."
"What is the penalty for pyramiding?

<i>Rule 5 | Section 3 | Article 5</i>","The penalty for pyramiding is L5 PLS (Loss of 5 yards, Previous Line of Scrimmage)."
"Under what condition does Article 1 – Offside beyond Line of Scrimmage (Restraining Zone Foul) not apply?

<i>Rule 5 | Section 4 | Article 1</i>","This article does not apply to a dribbled ball, or to a kick which does not cross the line of scrimmage."
"What is the penalty if an offside player touches or is touched by a kick from scrimmage beyond the line of scrimmage, a return kick, or an open-field kick?

<i>Rule 5 | Section 4 | Article 1 (a)</i>","The penalty is L15 from the PBT (point ball touched) if in the field of play, or L15 applied at the 10-yard line if in the goal area."
"How much distance must an offside player allow an opponent attempting to gain possession of a kicked ball?

<i>Rule 5 | Section 4 | Article 1 (b)</i>","An offside player must allow 5 yards to an opponent attempting to gain possession of the kicked ball. The five-yard zone is a circle with a five-yard radius, centered on the ball at the instant it is first touched."
"What is the penalty if an offside player does not allow 5 yards to an opponent attempting to gain possession of a kicked ball, and the ball strikes the ground before being touched by the receiving team?

<i>Rule 5 | Section 4 | Article 1 (b)</i>","The penalty is L5 PBT or PBD if in the field of play, or L5 applied at the 10-yard line or PBD if in the goal area."
"What is the penalty if a kicking team player makes no effort to withdraw from the 5-yard zone and hovers over the ball or receiving team player about to take possession?

<i>Rule 5 | Section 4 | Article 1 (c)</i>",A L15 penalty will apply at the normal point of application regardless of whether the ball bounced.
"What is the penalty if a kicking team player interferes with a receiving team player attempting to gain possession of a kicked ball, with or without contact?

<i>Rule 5 | Section 4 | Article 1 (d)</i>",The penalty is L15 from the normal point of application.
"When is a scrimmage kick or return kick whistled dead if it travels only a short distance?

<i>Rule 5 | Section 4 | Article 2 (a)</i>","A scrimmage kick which travels only a short distance across the line of scrimmage, or a short return kick (not including a dribbled ball), shall be whistled dead as soon as the ball touches a player or the ground, with possession awarded to the receiving team."
"What happens if a short kick is whistled dead on the final play of a half?

<i>Rule 5 | Section 4 | Article 2 (a)</i>","The receiving team shall be entitled to 1 play from scrimmage if they so elect, with no distance penalty assessed."
"When should a short kick not be whistled dead even if it travels only a short distance?

<i>Rule 5 | Section 4 | Article 2 (b)</i>","The ball should NOT be whistled dead if it is dropping into the end zone, or if it is a scrimmage kick or return kick from the end zone that does not leave the end zone."
"What are the penalty options for the non-offending team if a restraining zone foul is committed on a scrimmage kick or return kick from the end zone that does not leave the end zone?

<i>Rule 5 | Section 4 | Article 2 (b)</i>","For a scrimmage kick, the option is 2 points or possession (1D at 10-yard line). For a return kick, the option is 1 point or possession (1D at 10-yard line)."
"When is an offside player penalized for Unnecessary Roughness (UR) or Rough Play (RP) in addition to a restraining zone foul?

<i>Rule 5 | Section 4 | Article 2 (c)</i>","An offside player who is within the restraining zone and contacts the receiver before he/she touches the ball shall be penalized for UR or RP, unless the contact was incidental and unavoidable in the opinion of the official."
"Who may be the first player to legally enter the restraining zone to recover the ball?

<i>Rule 5 | Section 4 | Article 2 (d)</i>",The kicker or an onside player may be the first player to legally enter the restraining zone to recover the ball.
"What contact is allowed by the kicker or onside player when recovering the ball in the restraining zone?

<i>Rule 5 | Section 4 | Article 2 (d)</i>","No contact shall be made with the opposing receiver, except in a legitimate attempt to recover the ball. All other contact is illegal."
"What happens if the ball is motionless on the ground and the receiver feints as if to pick up the ball?

<i>Rule 5 | Section 4 | Article 2 (e)</i>",The receiver may be tackled without penalty.
"If an offside player touches a motionless ball first after a receiver feints picking it up, who gets possession?

<i>Rule 5 | Section 4 | Article 2 (e) (iii)</i>","Possession is awarded to the receiving team at that point, with no distance penalty."
"What is the penalty if a kicking team player illegally recovers or touches a scrimmage kick in the end zone before it is touched by an opponent, without attempting to allow an opponent to recover it?

<i>Rule 5 | Section 4 | Article 2 (f)</i>","There is no score, and it is the opponent’s ball, 1st down at the 35-yard line, or at the PLS if the ball entered the end zone as a result of a missed field goal where the PLS was outside the 35."
"When can the receiving team choose to scrimmage at their own 20-yard line after a kick from scrimmage enters the end zone?

<i>Rule 5 | Section 4 | Article 2 (g)</i>",They can choose to scrimmage at their own 20-yard line if they successfully advance the ball legally out of the end zone and retain possession without returning the ball into the end zone.
"What happens if a kicked ball strikes the opponent’s goal post assembly in flight?

<i>Rule 5 | Section 4 | Article 3</i>","The ball shall be dead immediately and awarded to the receiving team; 1st down, at any point on or between the hash marks on its 20-yard line."
"Under what conditions does a kicked ball striking the goal post assembly remain in play?

<i>Rule 5 | Section 4 | Article 3</i>","A kicked ball remains in play if it strikes the opponent’s goal post assembly after striking the ground, a player, or an official, or if it strikes the kicking team’s goal post assembly."
"When does a score count on a field goal or convert attempt even if the ball strikes the goal post assembly?

<i>Rule 5 | Section 4 | Article 4</i>",The score shall count if the ball strikes the goal post assembly but still goes over the crossbar and between the uprights.
"Where is the ball put into play after a missed field goal?

<i>Rule 5 | Section 4 | Article 4 (a)</i>",At any point between the hash marks on the 20-yard line.
"Under what conditions can players of the receiving team interfere with players of the kicking team who have crossed the line of scrimmage on a scrimmage kick?

<i>Rule 5 | Section 5 | Article 1a</i>","Players of the receiving team may interfere with any player of the kicking team who has crossed the line of scrimmage, provided that the initial contact is made at or above the waist. This interference is legal from the time the ball is snapped until it is declared dead."
"What is the penalty application if the receiving team commits interference on a scrimmage kick while the ball is in flight?

<i>Rule 5 | Section 5 | Article 1a</i>","The penalty is applied at the Point of Possession. Unnecessary Roughness or Rough Play will be applied at the Point of Possession or PBD (except against the kicker, where it can be PP, PBD, or PLS at the option of Team A)."
"What is the penalty for interference against the kicker behind the neutral zone on a scrimmage kick, if not a quick kick?

<i>Rule 5 | Section 5 | Article 1a</i>",The penalty is 1.2.3D – L10 PP.
"When does the kicker lose protection from interference behind the neutral zone on a scrimmage kick?

<i>Rule 5 | Section 5 | Article 1b</i>","The kicker loses this protection once the receiving team has touched the ball, or if it is a quick kick."
"When can players of the team receiving a return kick interfere with opponents, including the kicker?

<i>Rule 5 | Section 5 | Article 2</i>","Players of the team receiving a return kick may interfere with any opponent, including the kicker, from the time the ball is kicked, provided that the initial contact is made at or above the waist, until the ball is declared dead."
"What is the penalty application if the receiving team commits interference on a return kick after gaining possession?

<i>Rule 5 | Section 5 | Article 2</i>",The penalty is applied at the PBH. Unnecessary Roughness or Rough Play will be applied at the PBH or PBD.
"What are the legal actions for players of the kicking team during a kick play regarding blocking and interference?

<i>Rule 5 | Section 5 | Article 3</i>","Players of the kicking team may block any opponent up to the limit of the neutral zone, use their hands and arms to ward off blockers interfering with their approach to the ball carrier while proceeding downfield, and use their bodies in blocking against players protecting the ball carrier, provided that the initial contact is made at or above the waist."
"What is the penalty for illegal interference by the kicking team when the ball is in flight?

<i>Rule 5 | Section 5 | Article 3</i>",The penalty is L10 PP.
"When can all players of the kicking team legally interfere with opponents after a kick?

<i>Rule 5 | Section 5 | Article 4</i>","If the kicker or an onside player legally recovers the kick, all players of that team may legally interfere with the opponents after such recovery, provided that the initial contact is at or above the waist."
"When a penalty in Rule 5, Section 5 is applied from the 10-yard (10-meter) line, where may Team A scrimmage the ball?

<i>Rule 5 | Section 5 | Article 5</i>","Team A may scrimmage the ball at any point on or between the hash marks, on the line where the ball is placed after the penalty application."
"What defines a 'Dribbled ball'?

<i>Rule 5 | Section 6 | Article: Dribbled Ball</i>",A dribbled ball occurs by kicking the ball when it is loose (not in possession of any player).
"Who may touch a dribbled ball without penalty?

<i>Rule 5 | Section 6 | Article: Dribbled Ball</i>",A dribbled ball may be touched by the kicker or any onside player without penalty.
"What is the effect if an opponent touches a dribbled ball?

<i>Rule 5 | Section 6 | Article: Dribbled Ball</i>","If a dribbled ball is touched by the opponent, all offside players become onside."
"What is the penalty if an offside player touches a dribbled ball?

<i>Rule 5 | Section 6 | Article: Dribbled Ball</i>","Award ball to the opponent at point of touch, or option."
"What is the penalty if an offside player touches a dribbled ball in the opponent's Goal Area?

<i>Rule 5 | Section 6 | Article: Dribbled Ball</i>","Award ball to opponent at their 20 yard (20 metre) line, or option."
"What is the penalty if an offside player touches a dribbled ball in their own Goal Area?

<i>Rule 5 | Section 6 | Article: Dribbled Ball</i>","Accept a score of 1 or 2 points as applicable, or take possession of the ball as 1st down at the PLS or 10 yard (10 metre line whichever is closer to the opponent’s goal line."
"What happens if an offside player's touching of a dribbled ball occurs on the last play of a half?

<i>Rule 5 | Section 6 | Article: Dribbled Ball</i>","The opponent may elect to extend the period for an additional play, from point of touch."
"What is the definition of a lateral or onside pass?

<i>Rule 6 | Section 1 – Lateral Or Onside Pass</i>","A lateral or onside pass is one thrown, handed, knocked, batted, or fumbled by a player parallel to or in the direction of their own deadline."
"What factor determines whether a pass is considered a lateral pass?

<i>Rule 6 | Section 1 – Lateral Or Onside Pass</i>","The point of termination is the factor that determines whether it is a lateral pass. This is the point at which the ball is caught, strikes another player, an official, or the ground, or goes out of bounds."
"What is the status of a lateral pass that strikes the ground?

<i>Rule 6 | Section 1 – Lateral Or Onside Pass</i>",A lateral pass striking the ground is not dead and may be recovered legally by either team.
"Where is the ball put into play when a lateral pass goes out of bounds without being touched by a player after the pass is made?

<i>Rule 6 | Section 1 – Lateral Or Onside Pass</i>","The ball shall be put into play at the hash mark at the out of bounds point, or at the point of origin of the pass, whichever is closer to the dead line of the team entitled to possession."
"What defines a Hand Off Pass on a scrimmage play?

<i>Rule 6 | Section 2 - HAND OFF PASS</i>","A Hand Off Pass is made on a scrimmage play, when the ball is handed in any direction but not thrown, by one Team A player to another, behind the line of scrimmage."
"What positional restriction applies to the player receiving a Hand Off Pass?

<i>Rule 6 | Section 2 - HAND OFF PASS</i>",The player receiving the pass must not at that point be occupying the position of a lineman.
"Are there any limits on the number of Hand Off Passes permitted on a single play?

<i>Rule 6 | Section 2 - HAND OFF PASS</i>",There are no restrictions on the number of hand off passes on any one play.
"Under what condition is a hand off pass in a forward direction considered illegal?

<i>Rule 6 | Section 2 - HAND OFF PASS</i>",A hand off pass in a forward direction is illegal following a completed Forward Pass.
"What is the definition of an offside pass?

<i>Rule 6 | Section 3 | Article 1</i>","An offside pass is made when the ball is directed in any manner other than being kicked, in the direction of the opponent’s dead line."
"What is the penalty for a team making an illegal recovery after an offside pass?

<i>Rule 6 | Section 3 | Article 2</i>",The penalty is the next scrimmage at the point of origin of the pass or the option to take the penalty.
"What are the exceptions to the illegal recovery rule for an offside pass?

<i>Rule 6 | Section 3 | Article 2</i>",Exceptions include a handoff pass behind the line of scrimmage or a forward pass.
"Under what general conditions does an offside pass occur on a scrimmage play?

<i>Rule 6 | Section 3 | Article 3</i>","On a scrimmage play, an offside pass occurs when a Team A player makes an offside pass after he/she has crossed the line of scrimmage."
"When does an offside pass generally occur after a change of possession?

<i>Rule 6 | Section 3 | Article 3</i>","An offside pass generally occurs after a change of possession (e.g., punt runback, fumble recovery, intercepted pass) if a player makes an offside pass."
"What constitutes an offside pass during an attempted forward pass if an ineligible receiver catches the ball?

<i>Rule 6 | Section 3 | Article 3</i>","If, in attempting to complete a forward pass, a Team A eligible receiver tips, deflects, knocks, or bats the ball in an offside direction where it is caught by a Team A ineligible receiver, it is an offside pass."
"What is the penalty for an offside pass in the general occurrence situations outlined in Article 3?

<i>Rule 6 | Section 3 | Article 3</i>","The penalty is the next scrimmage at the point of origin of the offside pass, and downs continue, unless the required distance has been gained at that point."
"When does an offside pass NOT occur on a scrimmage play before the ball crosses the line of scrimmage?

<i>Rule 6 | Section 3 | Article 4</i>","An offside pass does NOT occur when, on a scrimmage play, before the ball has crossed the line of scrimmage, a Team A player throws an offside pass – this is ruled as a forward pass."
"Under what conditions is a tipped ball in an offside direction by an eligible receiver NOT considered an offside pass?

<i>Rule 6 | Section 3 | Article 4</i>","It is NOT an offside pass if, in attempting to complete a forward pass, a Team A eligible receiver tips, deflects, knocks, or bats the ball in an offside direction, where it is caught by another Team A eligible receiver."
"When is a tipped ball by a Team B player during an attempted interception NOT considered an offside pass?

<i>Rule 6 | Section 3 | Article 4</i>","It is NOT an offside pass if, in attempting to intercept a forward pass, a Team B player tips, deflects, knocks or bats the ball in an offside direction where it is caught by another Team B player."
"What is the ruling when a Team A passer crosses the line of scrimmage and throws what the Referee considers an intentional forward pass?

<i>Rule 6 | Section 3 | Article 4</i>","This shall be ruled as an illegal forward pass. The penalty is 1, 2, 3D – L10 DR; Convert – L10 DR."
"In what specific fumbled ball situations does an offside pass NOT occur?

<i>Rule 6 | Section 3 | Article 4</i>","An offside pass does NOT occur on a ball fumbled forward by a ball carrier, or a player attempting to catch a kicked ball, or by a player attempting to intercept a lateral pass."
"What is the ruling when the ball is fumbled forward from the field of play directly to out-of-bounds?

<i>Rule 6 | Section 3 | Article 5</i>","The ball shall be scrimmaged at the point of origin of the fumble and downs continue, unless the required distance is gained at that point. This applies whether the out-of-bounds spot is in the field of play or the end zone."
"How is a ball fumbled forward by Team A into the Team B end zone, and recovered by Team B, ruled?

<i>Rule 6 | Section 3 | Article 6</i>",It shall be ruled as an intercepted forward pass.
"Under what condition may a ball thrown in an offside direction be legally recovered by the throwing team?

<i>Rule 6 | Section 3 | Article 7</i>",The ball may not be recovered legally by the throwing team unless it meets the requirements of a Forward Pass.
"What is the penalty if a ball thrown in an offside direction is not legally recovered by the throwing team?

<i>Rule 6 | Section 3 | Article 7</i>","The penalty is the next scrimmage at the point of origin of the offside pass, and downs continue, unless the required distance is gained at that point."
"What is the outcome if Team A makes an offside pass in its own end zone and retains possession?

<i>Rule 6 | Section 3 | Article 8</i>",Team B shall be awarded 2 points or option.
"What is the outcome if Team B makes an offside pass in its own end zone and retains possession after receiving a Team A kick?

<i>Rule 6 | Section 3 | Article 8</i>",Team A shall be awarded 1 point or option.
"What is the outcome if Team B makes an offside pass in its own end zone and retains possession while or after intercepting a Team A forward pass?

<i>Rule 6 | Section 3 | Article 8</i>","Team B shall scrimmage at any point on or between the hash marks on its own 20 yard (20 metre) line, or at PBD (Team A option). No score."
"What are Team B's options if Team A fumbles the ball from the end zone to out of bounds in the field of play without touching an opponent on 1st or 2nd down?

<i>Rule 6 | Section 3 | Article 8</i>","Team B has the choice of 2 options: 1. 2 points for a safety touch. 2. Allow A to scrimmage on the hash mark at the out of bounds spot, downs continue."
"What are Team B's options if Team A fumbles the ball from the end zone to out of bounds in the field of play without touching an opponent on 3rd down?

<i>Rule 6 | Section 3 | Article 8</i>",Team B has the choice of 2 options: 1. 2 points for a safety touch. 2. 1st Down for B on the hash mark at the out of bounds spot.
"Why is a fumble from the end zone to out of bounds in the field of play, not touching an opponent, considered an offside pass in the end zone?

<i>Rule 6 | Section 3 | Article 8</i>",It is considered an offside pass because the point of termination is closer to the opponent’s dead line than the point of the pass.
"What defines a forward pass in football?

<i>Rule 6 | Section 4 | Article 1 – DEFINITION</i>","A forward pass is thrown by any Team A player from behind the line of scrimmage toward the Team B dead line, to any eligible receiver, without touching the ground, goal post assembly, an official, or going out of bounds."
"Under what condition is a forward pass considered illegal after a change of possession?

<i>Rule 6 | Section 4 | Article 1 – DEFINITION</i>","A forward pass is illegal after a change of possession by either team. If Team B gains possession from a fumble, blocked kick, etc., and subsequently loses possession again to Team A, a forward pass by either team is illegal."
"How many forward passes are allowed on each down?

<i>Rule 6 | Section 4 | Article 2 – NUMBER OF FORWARD PASSES</i>",A forward pass shall be thrown once only on each down. A second forward pass on the same down shall be penalized with L10 DR.
"Who can throw a forward pass for Team A?

<i>Rule 6 | Section 4 | Article 3 – PASSER</i>",Any Team A player who is behind the line of scrimmage when they throw the ball may be the passer. The passer need not be the first player to receive the ball from the centre.
"Who are considered eligible receivers for a forward pass?

<i>Rule 6 | Section 4 | Article 4 – ELIGIBLE RECEIVERS</i>",Eligible receivers include: players at each end of the scrimmage line at the snap wearing numbers 0-49 or 80-99; players clearly back of the scrimmage line at the snap wearing numbers 0-49 or 80-99; a Team A player wearing numbers 0-49 or 80-99 who is in forward motion from a backfield position and within one yard of the line of scrimmage at the snap; all players of Team B; and all players of Team A if the ball is touched by a B player.
"Who are considered ineligible receivers for Team A?

<i>Rule 6 | Section 4 | Article 5 – INELIGIBLE RECEIVERS</i>","Players of Team A wearing numbers 50-79 are ineligible receivers, regardless of their position, unless declared eligible as indicated by rule 4-3-1."
"What is the penalty for an ineligible receiver being the first Team A player to catch or touch the ball?

<i>Rule 6 | Section 4 | Article 5 – INELIGIBLE RECEIVERS</i>","The penalty is 1.2D – L10 DR, 3D DG – L10 DR, DNG – LB PLS or PBD."
"Under what conditions can an ineligible receiver go downfield beyond the neutral zone?

<i>Rule 6 | Section 4 | Article 5 – INELIGIBLE RECEIVERS</i>",An ineligible receiver can go downfield beyond the neutral zone only if they make contact with an opponent in the neutral zone and maintain this contact as they move downfield.
"When is a forward pass considered complete when caught by Team A?

<i>Rule 6 | Section 4 | Article 6 – COMPLETED FORWARD PASS</i>","A forward pass is complete when caught inbounds by a Team A eligible receiver, or simultaneously by two or more Team A eligible receivers, and the player maintains complete and continuous control of the ball throughout the process of contacting the ground."
"What happens if a forward pass is caught simultaneously by eligible receivers of both teams?

<i>Rule 6 | Section 4 | Article 6 – COMPLETED FORWARD PASS</i>","The ball shall be awarded to Team A, even if it has been touched previously by Team B."
"When is a forward pass ruled incomplete?

<i>Rule 6 | Section 4 | Article 7 – INCOMPLETE FORWARD PASS</i>","A forward pass is incomplete when the ball touches the ground, goal post assembly, an official, a corner marker, Downsbox marker or yardstick assembly, or goes out of bounds, even if previously touched by a player. It is also incomplete when an eligible receiver catches a pass while off the ground, inbounds, and lands on or outside a boundary line."
"What constitutes intentional grounding by Team A's passer?

<i>Rule 6 | Section 4 | Article 8 – INTENTIONAL GROUNDING</i>","Intentional grounding occurs if Team A passer deliberately throws a forward pass that lands behind the line of scrimmage or Out of Bounds behind the line of scrimmage and to an area in which there is no eligible Team A receiver, to avoid a loss of yards."
"What is the penalty for intentional grounding from the Goal Area?

<i>Rule 6 | Section 4 | Article 8 – INTENTIONAL GROUNDING</i>","If the pass was thrown from the Goal Area, a safety touch score shall be awarded to Team B, subject to the right of Team B to decline the score and accept the play as it terminated."
"When can a Team A player initiate contact with or block a Team B player more than 1 yard in advance of the line of scrimmage on a forward pass play?

<i>Rule 6 | Section 4 | Article 9 – INTERFERENCE</i>",A Team A player may not initiate contact with or block a Team B player more than 1 yard in advance of the line of scrimmage until the pass has been touched by an eligible receiver.
"When can Team B players interfere with Team A players behind the neutral zone?

<i>Rule 6 | Section 4 | Article 9 – INTERFERENCE</i>",Team B players may interfere with any Team A player behind the neutral zone who is protecting the passer.
"Under what condition is contact between two opponents legal when a pass is in the air?

<i>Rule 6 | Section 4 | Article 9 – INTERFERENCE</i>","Contact is legal if it results from a simultaneous and bonafide attempt to play the ball at the spot of possible completion, where each player is intent on playing the ball, contact is unavoidable and incidental, and each player is in an equally favourable position to play the ball."
"What defines illegal interference on a forward pass?

<i>Rule 6 | Section 4 | Article 10 – ILLEGAL INTERFERENCE PENALTIES</i>","Illegal interference is interference with an eligible receiver in the target area, or interference which prevented an eligible receiver from reaching the target area, when there is a reasonable expectation that the receiver would have had the opportunity to attempt to complete the pass."
"What is the penalty for illegal interference by Team B across the line of scrimmage?

<i>Rule 6 | Section 4 | Article 10 – ILLEGAL INTERFERENCE PENALTIES</i>","The penalty is 1D at PF if less than 15 yards in advance of the PLS, or 1D plus 15 from the PLS if the PF is more than 15 yards in advance of the PLS."
"What happens if a Team A player fumbles the ball forward into the Team B end zone and Team B recovers it?

<i>Rule 6 | Section 4 | Article 11 – INTERCEPTION IN THE END ZONE</i>",It shall be ruled as an intercepted pass.
"If Team B intercepts a pass in the end zone and the ball goes dead in their possession without being advanced, what is the result?

<i>Rule 6 | Section 4 | Article 11 – INTERCEPTION IN THE END ZONE</i>",There is no score. Team B shall scrimmage at any point between the hash marks on their 20 yard (20 metre) line.
"When is a dropped ball by the passer ruled an incomplete pass versus a fumble?

<i>Rule 6 | Section 4 | Article 12 – MISCELLANEOUS</i>","If the passer is contacted after starting the passing motion and the ball is dropped, it is an incomplete pass. If contacted before starting passing motion and the ball is dropped, it is a fumble."
"What is the definition of holding in the context of Fouls and Penalties?

<i>Rule 7 | Fouls and Penalties | Article 1</i>","Holding is the use of the hands and/or arms to grasp or encircle an opponent, except when a player tackles the ball carrier, and is illegal if the hold has an impact on the play."
"What is the penalty for Team A committing a holding foul on 1st or 2nd down?

<i>Rule 7 | Fouls and Penalties | Article 1</i>","The penalty for Team A is L10 DR (loss of 10 yards, down repeated)."
"Under what conditions is the use of hands and arms permitted by a ball carrier?

<i>Rule 7 | Fouls and Penalties | Article 1</i>",The use of hands and arms is permitted by the ball carrier to ward off an opponent.
"When is the use of hands and arms permitted for a defender?

<i>Rule 7 | Fouls and Penalties | Article 1</i>","The use of hands and arms is permitted by a defender to reach the ball carrier, but the hands may not be used to grasp any opponent except the ball carrier."
"What actions constitute illegal use of hands by blocking an opponent?

<i>Rule 7 | Fouls and Penalties | Article 2</i>",Blocking an opponent by pushing him/her from the rear with extended arms or bumping him/her above the waist from behind is illegal and defined as illegal use of hands.
"What is the penalty for Team B committing illegal use of hands when the play results in a gain of ground (DG)?

<i>Rule 7 | Fouls and Penalties | Article 2</i>","The penalty for Team B is L10 PBH (loss of 10 yards, penalty enforced from the spot of the foul)."
"How is tripping defined?

<i>Rule 7 | Fouls and Penalties | Article 3</i>",Tripping is the intentional use of the lower leg or foot to obstruct any opponent below the knee.
"Under what circumstances is contacting the kicker, while in the act of kicking, illegal?

<i>Rule 7 | Fouls and Penalties | Article 4</i>","Contacting the kicker, while in the act of kicking, is illegal unless the contact is slight and incidental."
"When does the act of kicking begin and end for the purpose of kicker protection?

<i>Rule 7 | Fouls and Penalties | Article 4</i>",The act of kicking begins when the kicking foot leaves the ground and ends when the foot returns to the ground (or a player lying on the ground) after kicking or attempting to kick the ball.
"What is the penalty for illegally contacting the kicker?

<i>Rule 7 | Fouls and Penalties | Article 4</i>","The penalty for illegally contacting the kicker is L10 PLS (loss of 10 yards, penalty enforced from the previous line of scrimmage)."
"Under what conditions is a player not penalized for contacting the kicker?

<i>Rule 7 | Fouls and Penalties | Article 4</i>","A player shall not be penalized if they block or touch the ball prior to contacting the kicker, or if contact by a Team A blocker causes contact with the kicker, or if a B player contacts an A player in such a way as to drive the player into the kicker."
"What type of deceptive tactics are considered illegal?

<i>Rule 7 | Fouls and Penalties | Article 5</i>","The use of tactics to deceive opponents such as the alleged need for equipment (e.g., a tee, mouthguard) or the pretence of calling players toward the bench as if a time out had been called, is illegal."
"What is the penalty for using illegal deceptive tactics on 1st or 2nd down?

<i>Rule 7 | Fouls and Penalties | Article 5</i>","The penalty is L5 DR (loss of 5 yards, down repeated)."
"What constitutes rough play regarding charging a kicker, passer, or receiver?

<i>Rule 7 | Rough Play | Article 1</i>","The deliberate charging of a kicker, passer, or receiver of a kick or pass in such a way as to cause calculated injury."
"Which actions are considered rough play when striking an opponent?

<i>Rule 7 | Rough Play | Article 2</i>","The striking of an opponent with the fist, heel of the hand, knee or elbow, or kicking an opponent."
"Under what condition can head leading blocking, tackling, or spearing be penalized as rough play?

<i>Rule 7 | Rough Play | Article 3</i>","Head leading blocking, head leading tackling or spearing, if done deliberately in such a way as to cause calculated injury may be penalized under this section."
"When can grasping the helmet be penalized as rough play?

<i>Rule 7 | Rough Play | Article 4</i>","Grasping the helmet, if in the opinion of the Official it was a deliberate attempt to injure an opponent, may be penalized under this section."
"What is the penalty for rough play outlined in Articles 1 to 6?

<i>Rule 7 | Rough Play | Article 5</i>","Disqualification of the offending player, and L25 from the appropriate point as covered in Rule 8, Section 5. Automatic 1D to Team A for Team B Rough Play."
"What happens if the official cannot identify the offender for rough play?

<i>Rule 7 | Rough Play | Article 5</i>","If the official is unable to identify the offender, the distance penalty only shall be applied."
"What happens if both teams commit rough play?

<i>Rule 7 | Rough Play | Article 5</i>","If both teams offend, the players involved shall be disqualified but no distance penalty shall be applied. Play shall be resumed at the appropriate point as outlined in Dual Penalties. Rule 8, Section 6."
"What is prohibited regarding targeting and making forcible contact to an opponent's head or neck area?

<i>Rule 7 | Rough Play | Article 6</i>","No player shall target and make forcible contact to the head or neck area of an opponent with the helmet, forearm, hand, fist, elbow or shoulder. This foul requires at least one indicator of targeting."
"What does ""Targeting"" mean?

<i>Rule 7 | Rough Play | Article 6</i>","""Targeting"" means that a player takes aim at an opponent for purposes of attacking with forcible contact that goes beyond making a legal tackle or a legal block or playing the ball."
"What are some indicators of targeting?

<i>Rule 7 | Rough Play | Article 6</i>","Indicators of targeting include: 1) Launch – a player leaving their feet to attack an opponent by an upward and forward thrust of the body to make forcible contact in the head or neck area 2) A crouch followed by an upward and forward thrust to attack with forcible contact at the head or neck area 3) Leading with helmet, shoulder, forearm, fist, hand or elbow to attack with forcible contact at the head or neck area 4) Lowering the head before attacking by initiating forcible contact with the crown of the helmet."
"What is the penalty for targeting and making forcible contact to the head or neck area?

<i>Rule 7 | Rough Play | Article 6</i>","L25 Player Disqualified from game. For Levels U14 and below, the player will receive a warning for the first offense."
"Under what conditions is a player disqualified from further participation in the game?

<i>Rule 7 | Rough Play | Article 7</i>",A player is disqualified if: a) the player has been called for Rough play b) the player has been called for physical abuse of an official.
"Can the non-offending team decline a disqualification penalty?

<i>Rule 7 | Rough Play | Article 7</i>","No, the disqualification penalty cannot be declined by the non-offending team."
"How many Unnecessary Roughness penalties result in a player's disqualification from the game?

<i>Rule 7 | Section: Unnecessary Roughness</i>",A player will be disqualified after receiving a third Unnecessary Roughness penalty.
"What action constitutes 'piling on' in football?

<i>Rule 7 | Section: Unnecessary Roughness | Article: 1</i>","Piling on occurs when a player runs into, throws their body against, or falls upon a ball carrier after the play has been terminated by the official's whistle, or when the ball is clearly dead, including tackling a player out of bounds or throwing a dead ball carrier to the ground."
"What is required of a player in possession of the ball when sliding to give up?

<i>Rule 7 | Section: Unnecessary Roughness | Article: 1</i>","When a player in possession of the ball is giving up by sliding, all unnecessary contact must be avoided, and the slide must be done in a timely manner to allow the defense to avoid such contact."
"Under what conditions is a defender prohibited from hitting a passer in the knee area or below?

<i>Rule 7 | Section: Unnecessary Roughness | Article: 2</i>","A defender is prohibited from forcibly hitting a passer in the knee area or below who has one or both feet planted on the ground, even if the initial contact is above the knee, unless the defender is blocked (or fouled) into the passer and has no opportunity to avoid contact, or is swiping, wrapping, or grabbing in an attempt to tackle."
"What actions are prohibited when a defender tackles a passer after the ball has been thrown?

<i>Rule 7 | Section: Unnecessary Roughness | Article: 2</i>","A defender is prohibited from intimidating and punishing acts such as stuffing a passer to the ground, or unnecessarily wrestling or driving them down and landing on top with all or most of the defender's weight after the ball has been thrown. Instead, the defender must strive to wrap up the passer with their arms."
"What contact with a passer's head or neck area is prohibited for a defender?

<i>Rule 7 | Section: Unnecessary Roughness | Article: 2</i>","A defender is prohibited from using the helmet and/or facemask to hit the passer, or using hands, arms, or other parts of the body forcibly in the head or neck area."
"When can a player still be called for Roughing the Kicker even if they touch the ball first?

<i>Rule 7 | Section: Unnecessary Roughness | Article: 3</i>",A player can still be called for Roughing the Kicker if they touch the ball prior to contacting the kicker's plant leg.
"What protection is afforded to a place kick holder during a field goal or convert attempt?

<i>Rule 7 | Section: Unnecessary Roughness | Article: 4</i>",The holder of a place kick for a field goal or convert attempt shall be given the same protection as a kicker.
"What actions are illegal regarding an opponent's helmet?

<i>Rule 7 | Section: Unnecessary Roughness | Article: 5</i>","It is illegal to grasp the helmet of an opponent by closing the fingers on the face mask, chin strap, or other helmet opening (ear holes)."
"What is meant by 'clotheslining' in the context of tackling, and is it legal?

<i>Rule 7 | Section: Unnecessary Roughness | Article: 6</i>","'Clotheslining' refers to tackling around the head in the open field, or a straight arm tackle to the head, and it is illegal."
"What is 'spearing' and when is a player called for it?

<i>Rule 7 | Section: Unnecessary Roughness | Article: 7</i>","Spearing is driving the helmet into a player who is down, going down, whose forward progress has been stopped, or who is unable to protect themselves. A player is called for spearing even if before the ball is dead, if using the head and helmet as the primary point of force."
"What constitutes a 'Head Leading Block'?

<i>Rule 7 | Section: Unnecessary Roughness | Article: 8</i>","A Head Leading Block is when any player, including the ball carrier, uses the helmet to butt or ram an opponent."
"What constitutes a 'Head Leading Tackle'?

<i>Rule 7 | Section: Unnecessary Roughness | Article: 8</i>",A Head Leading Tackle is when any player strikes the runner with the crown or top of the helmet.
"When is the use of hands and arms considered unnecessary roughness?

<i>Rule 7 | Section: Unnecessary Roughness | Article: 9</i>","The use of hands and arms is unnecessary roughness if contact is made with the fist, heel of the hand, or elbow, if the blocking arm is cocked by swinging back of the body line prior to contact, if the blocking arm is driven upward and forward in an 'elbow smash' manner, if the blocker turns their body at the waist or pivots to add force to the blow, if contact is made with clasped hands, or if the opponent is struck above the shoulder with the hand or arm in an unnecessarily rough manner including a 'head slap'."
"Under what conditions is a 'Crack-Back Block' illegal for a Team A player?

<i>Rule 7 | Section: Unnecessary Roughness | Article: 10</i>","A 'Crack-Back Block' is illegal if a Team A player blocks an opponent below the waist or delivers a forcible block in the area from 5 yards ahead of the line of scrimmage, sideline to sideline, extending back to the Team A deadline, AND the A player is stationed or in motion 3+ yards outside the Block Below the Waist Area at the snap; OR stationed initially 3+ yards outside and moves toward the ball to be less than 3 yards from the area at the snap; OR stationed initially less than 3 yards from the area, moves more than 3 yards away, and then returns to less than 3 yards from the area, AND moves in the direction of the ball to make the block."
"When is a Team A player not penalized for a crack-back block, even if moving into the Block Below the Waist Area?

<i>Rule 7 | Section: Unnecessary Roughness | Article: 10</i>","If the Team A player moves into the Block Below the Waist Area prior to the snap and comes to a complete stop, the player shall not be penalized for a crack-back block."
"What is a 'Delayed Knee Blocking' foul?

<i>Rule 7 | Section: Unnecessary Roughness | Article: 11</i>","Delayed Knee Blocking is when a player blocks an opponent, at or below the knees, at the time that the opponent is already being engaged by a teammate of the blocker, with or without physical contact."
"What protection is given to the center on kick plays from scrimmage?

<i>Rule 7 | Section: Unnecessary Roughness | Article: 12</i>","On all kick plays from scrimmage (punts, field goal attempts, and converts), it is illegal to contact the center on, or within one yard either side of, the line of scrimmage."
"Is hurdling the center to avoid contact permissible on kick plays?

<i>Rule 7 | Section: Unnecessary Roughness | Article: 12</i>","No, hurdling the center in an attempt to avoid contact is not permissible and is penalized the same as if there was contact, with the exception of a quick kick."
"What actions constitute a 'Horse Collar' foul?

<i>Rule 7 | Section: Unnecessary Roughness | Article: 13</i>","A 'Horse Collar' foul is grasping an opponent by the inside of the shoulder pads, or by the inside collar of the jersey, or grasping the outside of the jersey above the numbers and using this as the primary means of causing a change in the ball carrier’s direction."
"When is an 'Illegal Block, Hands to Face' penalized?

<i>Rule 7 | Section: Unnecessary Roughness | Article: 14</i>","An 'Illegal Block, Hands to Face' is penalized when any player forcibly thrusts their hands forward above the frame to contact an opponent on the neck, face, head, or facemask. It is also a penalty if the initial contact is to the chest but the hands ride up to the neck, face, head, or facemask and the contact is forcible or prolonged."
"What is 'Blocking from the Rear'?

<i>Rule 7 | Section: Unnecessary Roughness | Article: 15</i>","'Blocking from the Rear' is blocking an opponent, other than the ball carrier, from the rear by charging into the opponent’s back with the body, or throwing the body across the back of the legs."
"When is 'Blocking from the Rear' considered legal?

<i>Rule 7 | Section: Unnecessary Roughness | Article: 15</i>","Blocking from the rear is legal if: 1) the block occurs in the Close Line Play area, is made by a player positioned in this area at the snap, and the contact is above the waist; OR 2) the initial point of contact is on the side or front of the opponent; OR 3) the initial point of contact is from the rear due to the opponent turning their back on the blocker after the blocker has committed to the block."
"Who is considered a player in a defenseless posture?

<i>Rule 7 | Section: Unnecessary Roughness | Article: 16</i>",Players in a defenseless posture include: a player in the act of or just after throwing a pass; a receiver attempting to catch a pass or who has completed a catch and not had time to protect themselves or become a runner; a runner in the grasp of a tackler with forward progress stopped; a player attempting to field a kick in the air; a player on the ground; a kicker/punter during the kick or return; a quarterback after a change of possession; a player receiving a block when the blocker is moving toward or parallel to their own end line and approaches from behind or side; and a player protected from an illegal crack block.
"What types of contact are prohibited against a player in a defenseless posture?

<i>Rule 7 | Section: Unnecessary Roughness | Article: 16</i>","Prohibited contact includes: forcibly hitting the defenseless player’s head or neck area with the helmet, facemask, forearm, or shoulder; lowering the head and making forcible contact with the top/crown or forehead/“hairline” parts of the helmet against any part of the defenseless player’s body; or illegally launching into a defenseless opponent by leaving both feet prior to contact to spring forward and upward and using any part of the helmet to initiate forcible contact."
"What is the penalty for unnecessary roughness against a player in a defenseless posture?

<i>Rule 7 | Section: Unnecessary Roughness | Article: 16</i>",The penalty is a loss of 15 yards and an automatic first down. The player may be disqualified if the action is judged by the official(s) to be flagrant.
"What defines an illegal 'Blindside Block'?

<i>Rule 7 | Section: Unnecessary Roughness | Article: 17</i>",An illegal 'Blindside Block' is a forcible block delivered by any player on an opponent while moving back towards or parallel to their own dead ball line anywhere on the field.
"What are 'Tourist Hits' and when are they penalized?

<i>Rule 7 | Section: Unnecessary Roughness | Article: 18</i>","'Tourist Hits' are unnecessary physical contact, such as running into, diving into, cut blocking, or throwing one's body on a player who is out of the play or would not have reasonably anticipated such contact, either before or after the ball is dead. Players are expected to know when the play is dead and if their actions are reasonable."
"Under what specific conditions is blocking an opponent below the waist considered legal?

<i>Rule 7 | Section: Unnecessary Roughness | Article: 19</i>","Blocking an opponent below the waist is legal only when the block occurs in the block below the waist area, is made by a player positioned in this area at the snap of the ball, and the block is above the knee. A player coming from outside this zone must come to a complete stop in the zone prior to the snap to be considered positioned in it."
"What types of language or gestures are prohibited for players or team bench occupants towards opponents, officials, or spectators?

<i>Rule 7 | Objectionable Conduct | Article 1</i>","The use of profane, obscene, or insulting language or gestures is prohibited."
"What actions are considered unsportsmanlike conduct and prohibited under Objectionable Conduct?

<i>Rule 7 | Objectionable Conduct | Article 1</i>","Throwing the ball at an opponent, an official, or occupant of the team bench is prohibited."
"What tactics by players that delay or hinder the game's smooth operation are penalized under Objectionable Conduct?

<i>Rule 7 | Objectionable Conduct | Article 1</i>","These tactics include spiking the ball, and/or deliberately throwing or kicking the ball away after it has been declared dead on a play."
"What is the penalty for an objectionable conduct foul that occurs before the Referee has whistled time in for any down?

<i>Rule 7 | Objectionable Conduct | Article 1</i>","The penalty is L10 from the point where the ball would have been put into play if no other foul occurred, or added to the penalty for any other foul."
"What is the penalty for an objectionable conduct foul called after the Referee has whistled time in for any down?

<i>Rule 7 | Objectionable Conduct | Article 1</i>","The penalty will be L10 PLS DR, and the distance chains will not be moved (unless a first down is gained from a penalty against Team B)."
"Under what condition may a player or occupant of the bench be disqualified for an objectionable conduct foul without a distance penalty?

<i>Rule 7 | Objectionable Conduct | Article 1</i>","If the foul is of a serious nature, the player or occupant of the bench may be disqualified with no distance penalty."
"What happens if a player throws a punch at an opponent, without contact?

<i>Rule 7 | Objectionable Conduct | Article 1</i>",It is considered Objectionable Conduct.
"When is a coach considered a player in relation to Objectionable Conduct rules?

<i>Rule 7 | Objectionable Conduct | Article 1</i>",A coach who is playing with the team shall be considered as a player when on the field.
"What is the consequence if a player, coach, or any member of a team is assessed a second Objectionable Conduct penalty during a game?

<i>Rule 7 | Objectionable Conduct | Article 1</i>",The offending individual shall be removed from play.
"What is the penalty for any player, team official, or bench occupant who engages in verbal taunts, insults, or intimidation based on Discriminatory Grounds?

<i>Rule 7 | Objectionable Conduct | Article 2</i>","In addition to an objectionable conduct penalty, they shall be disqualified for the remainder of the game."
"What are some examples of Discriminatory Grounds?

<i>Rule 7 | Objectionable Conduct | Article 2</i>","Discriminatory Grounds include, but are not limited to: Race, national or ethnic origin, skin color, or language spoken; Religion, Faith, Beliefs; Age; Sex, Sexual Orientation, or Gender Identify/Expression; Marital or Familial Status; Genetic Characteristics; Disability."
"What is the subject of Rule 8?

<i>Rule 8</i>",Application of Penalties
"What are the categories of penalties in this rulebook?

<i>Rule 8 | Section 1 | Article 1</i>","Penalties shall fall into the following categories: Loss of Down, Loss of distance, Option Penalties, Penalties after legal gains, Restricted Penalties, Penalties in end zone, Disqualification, Unnecessary Roughness and Rough Play Penalties, and Dual and Double Penalties."
"What does 'Loss of a Down' (LD) signify in the context of a penalty?

<i>Rule 8 | Section 1 | Article 2</i>",Loss of a down (LD) means that the down upon which the foul occurred has used up one of the series of 3 consecutive downs permitted.
"When a distance penalty is assessed for a foul, is there typically a loss of down as well?

<i>Rule 8 | Section 1 | Article 3</i>","For any foul calling for a distance penalty, there shall be no loss of down."
"What are the exceptions to the rule that distance penalties do not incur a loss of down?

<i>Rule 8 | Section 1 | Article 3</i>","Exceptions to no loss of down for distance penalties are: Unnecessary Roughness, Rough Play, Objectionable Conduct, and Playing without a mouthguard."
"What choice does the non-offending team have when a foul has been committed?

<i>Rule 8 | Section 1 | Article 4</i>","The non-offending team shall be entitled to the penalty, or the option of declining the penalty to take any advantage of field position, score, down, time, etc."
"Can the non-offending team decline a score to accept a penalty?

<i>Rule 8 | Section 1 | Article 4</i>","Yes, the non-offending team may decline a score to accept a penalty, or may decline a penalty to allow a score in order to gain an advantage from field position, or may allow a score to gain an advantage from a better point of application of a penalty such as UR."
"Under what circumstances is a penalty applied without the necessity of choosing an option?

<i>Rule 8 | Section 1 | Article 4</i>","In certain cases, where so stated, a penalty shall be applied without the necessity of choosing an option. These cases include fouls such as Unnecessary Roughness, Rough Play, Objectionable Conduct, and No Mouthguard."
"Can a team decline the distance for any penalty?

<i>Rule 8 | Section 1 | Article 4</i>","Yes, a team may decline the distance for any penalty, including those where the penalty is applied without option, if they feel the application of the distance would not be advantageous to them."
"When can the non-offending team decline a penalty to terminate a period?

<i>Rule 8 | Section 1 | Article 4</i>","The non-offending team may decline the penalty for any foul which occurs after the ball has been snapped, during the final play of a period, in order to terminate the period."
"Can a captain revoke their choice after accepting or declining a penalty option?

<i>Rule 8 | Section 1 | Article 4</i>","No, once the captain entitled to the option has made the choice of accepting or declining the penalty, the choice may not be revoked."
"When dual fouls occur, can one or both penalties be refused?

<i>Rule 8 | Section 1 | Article 4</i>","Yes, when dual fouls occur, one or both penalties may be refused, with the exception of Unnecessary Roughness, Rough Play, Objectionable Conduct, and No Mouthguard."
"Who is given the first option when dual fouls occur?

<i>Rule 8 | Section 1 | Article 4</i>",The first option shall be given to the team against whom the first foul occurred.
"Can the non-offending team decline a disqualification penalty?

<i>Rule 8 | Section 1 | Article 4</i>","No, the disqualification penalty cannot be declined by the non-offending team, but immediate legal substitution is permitted."
"When Team A commits a foul on a scrimmage play after legally gaining a first down, where is the penalty applied from and what is the down after the penalty?

<i>Rule 8 | Section 2 | Article 1</i>","The penalty is applied from where the ball was held when the foul occurred. A first down is awarded at the point where the ball is placed after the penalty, with 10 yards to go."
"If Team A commits a foul on a scrimmage play before gaining a first down, where is the penalty applied from and what is the down after the penalty?

<i>Rule 8 | Section 2 | Article 2</i>","The penalty is applied from the point of last scrimmage, and the down is repeated."
"When a team gains possession through an interception, recovered fumble, or received kick and then commits a foul, where is the penalty applied from and what is the down after the penalty?

<i>Rule 8 | Section 2 | Article 3</i>","The penalty is applied from the point where the ball was held when the foul occurred, and 1st and 10 will be awarded at the point where the ball is placed after the penalty application."
"How is a penalty applied if either team commits a foul while a kicked ball is ""in flight""?

<i>Rule 8 | Section 2 | Article 4</i>",The penalty is applied at the point of possession by the team which legally gains possession. Penalties normally applied without option may be applied at PBD at the option of the non-offending team.
"What is the consequence if a foul on a loose ball directly affects its recovery?

<i>Rule 8 | Section 2 | Article 4</i>","The ball will be awarded to the non-offending team at the PF, and an automatic 1st down. If the point of possession is the end zone, the penalty is applied from the 10-yard (10-meter) line."
"What fouls are ignored if committed after the ball is dead?

<i>Rule 8 | Section 2 | Article 5</i>","Fouls committed after the ball is dead are ignored unless they are Rough Play, Unnecessary Roughness, or Objectionable Conduct."
"If Rough Play, Unnecessary Roughness, or Objectionable Conduct occurs after a score, how is it applied?

<i>Rule 8 | Section 2 | Article 5</i>","The score shall count, and the foul will be applied on the subsequent scrimmage play, convert, or kick off at the option of the non-offending team. There is no option to decline the score."
"When a yardage penalty is applied within 30 yards of the offending team's goal line, what is the maximum distance the penalty can be?

<i>Rule 8 | Section 3 | Article 1</i>",The penalty shall not exceed one half the distance between the point from which the penalty is applied and that goal line.
"What are the exceptions to the rule that a yardage penalty within 30 yards of the goal line cannot exceed half the distance to the goal line?

<i>Rule 8 | Section 3 | Article 1</i>","Exceptions include pass interference; double penalties involving UR (Unnecessary Roughness) or RP (Rough Play), including those part of a dual penalty; and Unnecessary Roughness and Rough Play."
"What is the closest to the goal line that the ball can be scrimmaged?

<i>Rule 8 | Section 3 | Article 1</i>",The ball shall not be scrimmaged within the 1 yard (1 metre) line.
"Under what condition is a first down awarded when a restricted penalty would have otherwise resulted in distance gained or the goal line reached?

<i>Rule 8 | Section 3 | Article 2</i>","A first down shall be awarded if an unrestricted penalty would have resulted in distance gained, or the goal line reached by Team A."
"What is the penalty if Team A commits an infraction when the PLS (Point of Last Scrimmage) is the A 1-yard line?

<i>Rule 8 | Section 3 | Article 3</i>","The penalty is 1.2D – LD (Loss of Down on 1st or 2nd Down), 3D – DR (Down Repeated on 3rd Down)."
"What is the penalty if Team B commits an infraction when the PLS (Point of Last Scrimmage) is the B 1-yard line?

<i>Rule 8 | Section 3 | Article 3</i>",The penalty is a 1st Down at the 1 yard (1 metre) line to Team A.
"When Team A commits a foul in its own end zone while in possession of the ball, what is the outcome for Team B?

<i>Rule 8 | Section 4 | Article 1 a) 1.</i>","Team B shall be awarded a rouge or a safety touch (1 or 2 points) as applicable, or option."
"If Team A makes an offside pass in its own end zone and retains possession, what is awarded to Team B?

<i>Rule 8 | Section 4 | Article 1 a) 2.</i>","Team B shall be awarded a rouge or a safety touch (1 or 2 points) as applicable, or option."
"What is the outcome if a kicked ball is loose in the end zone before possession by Team A, and Team A commits a foul in its own end zone?

<i>Rule 8 | Section 4 | Article 1 a) 3.</i>",Team B shall be awarded a rouge (1 point) or option.
"What are Team B's options if an A player fumbles in their own end zone, and while the ball is loose, Team A commits illegal interference preventing Team B from gaining possession?

<i>Rule 8 | Section 4 | Article 1 a) 4.</i>","Team B may accept a rouge or a safety touch (1 or 2 points) as applicable, or Team B may take possession of the ball as 1st down at the PLS or the 10 yard (10 metre) line, whichever is closer to the goal line."
"What is awarded to Team A if Team B commits a foul in its own end zone while in possession of the ball?

<i>Rule 8 | Section 4 | Article 1 b) 1.</i>",Team A shall be awarded a rouge or safety touch (1 or 2 points) as applicable.
"If Team B makes an offside pass in its own end zone after receiving a Team A kick, what is awarded to Team A?

<i>Rule 8 | Section 4 | Article 1 b) 2.</i>","Team A shall be awarded a rouge, or option."
"What happens if Team B makes an offside pass in its own end zone while intercepting or after intercepting a Team A forward pass, and the ball goes dead in the end zone?

<i>Rule 8 | Section 4 | Article 1 b) 3.</i>",There is no score. Team B shall scrimmage at the B 20.
"What happens if Team B makes an offside pass in its own end zone while intercepting or after intercepting a Team A forward pass, and the ball goes dead in the field of play?

<i>Rule 8 | Section 4 | Article 1 b) 3.</i>",There is no score. Team B shall scrimmage at the PBD or at the B 20 at the option of Team A.
"What is the outcome if a kicked ball is loose in the Team B end zone before possession, and Team B commits a foul?

<i>Rule 8 | Section 4 | Article 1 b) 4.</i>",Team A shall be awarded a rouge (1 point) or option.
"What are Team A's penalty options if the ball is loose in the Team B end zone and Team B commits illegal interference preventing Team A from gaining possession?

<i>Rule 8 | Section 4 | Article 1 b) 5.</i>","Team A may take possession of the ball as 1st down at the B 10, or at the PLS whichever is closer to the B goal line, or accept any score if Team A recovers the ball, or accept a score of 1 or 2 points as applicable and B will put the ball into play, or decline the penalty and allow Team B to scrimmage at the PBD if B advances the ball into the field of play."
"How is a foul committed by Team A in the Team B end zone on a play from scrimmage penalized?

<i>Rule 8 | Section 4 | Article 2 a) 1.</i>",The penalty shall be applied as though the foul has occurred on the field of play.
"How is a 'restraining zone' foul by the kicking team in the receiving team's end zone penalized?

<i>Rule 8 | Section 4 | Article 2 a) 2.</i>",The penalty shall be applied from the receiving team's 10-yard line.
"What is the penalty if the ball is loose in the Team B end zone and Team A commits illegal interference preventing Team B from gaining possession?

<i>Rule 8 | Section 4 | Article 2 a) 3.</i>","No score, B scrimmage 1D at B 10."
"How is a foul committed by Team B in the Team A end zone on a play from scrimmage penalized?

<i>Rule 8 | Section 4 | Article 2 b) 1.</i>",The penalty shall be applied as though the foul had occurred on the field of play.
"What is the penalty if an A player fumbles in their own end zone, and while the ball is loose, Team B commits illegal interference preventing Team A from regaining possession?

<i>Rule 8 | Section 4 | Article 2 b) 2.</i>","No score by B. Automatic 1st down for Team A at PLS, or at the 10 yard (10 metre) line, at the option of Team A."
"How are distance penalties for Unnecessary Roughness and Rough Play applied in relation to advantage of distance gained or score made?

<i>Rule 8 | Section 5 | Article 1</i>",The distance penalties for Unnecessary Roughness and Rough Play will be applied in addition to the advantage of distance gained and score made.
"What is the consequence of Unnecessary Roughness or Rough Play by Team B, in addition to the distance penalty?

<i>Rule 8 | Section 5 | Article 1</i>","An automatic first down will be awarded to Team A, unless it is part of a dual penalty where both infractions are UR or RP."
"Do the normal restrictions near the goal line apply to Unnecessary Roughness and Rough Play penalties?

<i>Rule 8 | Section 5 | Article 1</i>","No, the normal restrictions near the goal line do NOT apply to Unnecessary Roughness and Rough Play."
"What is the ball placement if a 15-yard penalty for Unnecessary Roughness or Rough Play is applied from the 16-yard line or closer?

<i>Rule 8 | Section 5 | Article 1</i>",The ball will be taken to the 1-yard line.
"For Scrimmage Plays where a foul occurs before distance is gained, what options does the non-offending team have?

<i>Rule 8 | Section 5 | Article 2</i>","The non-offending team shall have the option of having the penalty applied at PLS, DR or of allowing the play to stand and have the penalty applied at PBD, with downs continuing."
"For Scrimmage Plays where a foul occurs after distance is gained, what options does the non-offending team have for penalty application?

<i>Rule 8 | Section 5 | Article 3</i>","The non-offending team shall have the option of having the penalty applied at PBH at the time of the foul, or at the PBD."
"If the point of application selected for a foul after distance gained results in distance gained, what is the down and distance?

<i>Rule 8 | Section 5 | Article 3</i>","1st Down will be awarded, the penalty applied, and it will be 1D and 10 at the point following the penalty application."
"If Team A commits a foul on the field of play while the ball is in the A end zone, where is the penalty applied?

<i>Rule 8 | Section 5 | Article 4</i>","The penalty shall be applied from the PLS (except UR, RP, etc.)."
"If Team B commits a foul on the field of play while the ball is in the B end zone, where is the penalty applied?

<i>Rule 8 | Section 5 | Article 4</i>","The penalty shall be applied from the B10 yard (10 metre) line (except UR, RP, etc.)."
"If Team A commits a foul on the field of play while the ball is in the B end zone, where is the penalty applied?

<i>Rule 8 | Section 5 | Article 4</i>","The penalty shall be applied from the B 10 yard (10 metre) line. Team B may request the ball to be placed at any point on or between the hash marks. (UR, RP, etc may be applied at the 10 yard (10 metre) line or at the PBD)."
"If Team B commits a foul on the field of play while the ball is in the A end zone, where is the penalty applied?

<i>Rule 8 | Section 5 | Article 4</i>","The penalty will be applied at PLS. (UR, RP etc. may be applied at PLS or at the PBD)."
"When a foul occurs before possession is lost during a play in which possession changes (e.g., on a kick, intercepted forward pass, or fumble recovery), where is the penalty applied?

<i>Rule 8 | Section 5 | Article 4</i>","Apply penalty at PLS, point of possession, or PBD at the option of the non-offending team."
"When a foul occurs while the ball is in flight during a play in which possession changes, where is the penalty applied?

<i>Rule 8 | Section 5 | Article 4</i>",Apply penalty at the point of possession or PBD.
"When a foul occurs during a loose ball in the area of recovery or affecting the recovery, where is the penalty applied?

<i>Rule 8 | Section 5 | Article 4</i>","Apply penalty at PF or at the PP, or PBD as appropriate."
"When a foul occurs during a loose ball in an area remote from the point of recovery and did not affect the recovery, where is the penalty applied?

<i>Rule 8 | Section 5 | Article 4</i>",Apply penalty at PP or at the PBD.
"If time expires during a play in which a foul occurs, what option does the non-offending team have if they accept the penalty?

<i>Rule 8 | Section 5 | Article 5</i>","Accept the penalty, in which case the team entitled to possession shall be required to put the ball into play and the period extended for that play."
"If time expires during a play in which a foul occurs, what option does the non-offending team have if they decline the penalty?

<i>Rule 8 | Section 5 | Article 5</i>","Decline the penalty and accept the play as it terminated, in which case the period is ended."
"If the last play of a period is terminated by an official’s whistle prior to the ball being put into play, what happens?

<i>Rule 8 | Section 5 | Article 5</i>",The period shall be extended for another play.
"If Unnecessary Roughness or Rough Play occurs during the last play of a period, what options does the non-offending team have for penalty application?

<i>Rule 8 | Section 5 | Article 5</i>","The non-offending team will have the option to have the penalty applied in the same period, in which case another play will take place, or to have the penalty applied on the opening play of the next period."
"If a time count foul occurs on a convert during the last play of a period, where is the penalty applied?

<i>Rule 8 | Section 5 | Article 5</i>","The penalty will be applied on a repeated convert, with no option to apply the penalty on the kick off."
"If a legally scored touchdown is the last play of the period, and UR/RP occurs during the play or interval before the convert, what are the penalty application options?

<i>Rule 8 | Section 5 | Article 5</i>",1) on the convert following a touchdown OR 2) on the kick off in the same period OR 3) on a kick off to open the next period.
"If a foul is committed in the end zone on the last play of the period and the penalty would award a score, what can the non-offending team do?

<i>Rule 8 | Section 5 | Article 5</i>","The non-offending team may accept the penalty and the resultant score, and may also elect to terminate the period."
"If a legally scored touchdown is the last play of the period, and Objectionable Conduct or No Mouthguard occurs, what are the penalty application options?

<i>Rule 8 | Section 5 | Article 5</i>",1) on the convert following the touchdown OR 2) on a kick off to open the next period.
"If Objectionable Conduct or No Mouthguard occurs on the convert during the last play of a period, where is the penalty applied?

<i>Rule 8 | Section 5 | Article 5</i>",The penalty will be applied on the opening play of the next period.
"What is the consequence of an offside pass regarding extending play?

<i>Rule 8 | Section 5 | Article 5</i>",An offside pass is not a foul and does not extend play.
"When a foul occurs after possession has changed, what options does the non-offending team have for penalty application?

<i>Rule 8 | Section 5 | Article 5</i>","The non-offending team shall have the option of having the penalty applied at the PBH at the time of the foul, or at the PBD."
"If Team A commits UR or RP after Team B gained possession in their own end zone and the ball goes dead in the end zone (not an intercepted FP), what is the penalty?

<i>Rule 8 | Section 5 | Article 6</i>","No score. UR 15-yard penalty applied at the 10, B 1D and 10 on B 25. RP – 25-yard penalty applied at the 10, B 1D and 10 on 35 and disqualification."
"If Team B commits UR or RP after gaining possession in their own end zone and the ball goes dead in the end zone (not an intercepted FP), what is the penalty?

<i>Rule 8 | Section 5 | Article 6</i>","Score allowed, UR 15-yard penalty, or RP 25-yard and disqualification, applied on the subsequent play."
"If Team A or B commits UR or RP after the ball is dead in the end zone (after Team B gained possession, not an intercepted FP), what is the penalty?

<i>Rule 8 | Section 5 | Article 6</i>","Score allowed, if applicable. UR 15-yard penalty applied on the subsequent play. RP – disqualification and 25-yard applied on the subsequent play."
"When an Unnecessary Roughness or Rough Play foul also constitutes illegal interference affecting the recovery of a fumble or loose ball, what are the penalty options for the non-offending team?

<i>Rule 8 | Section 5 | Article 7</i>","Option to the non-offending team: L15 (UR) or L25 (RP) at PF, 1D; or L15 (UR) or L25 (RP) at PBD, 1D (if the non-offending team recovers)."
"Under what conditions is a first down awarded for a foul that is both UR/RP and illegal interference with a loose ball?

<i>Rule 8 | Section 5 | Article 7</i>",First down is awarded for UR or RP by Team B (automatic) or is awarded for the Illegal Interference affecting the recovery of the loose ball by Team A.
"What is the penalty when an Unnecessary Roughness (UR) or Rough Play (RP) foul also constitutes illegal interference affecting the recovery of a fumble or loose ball, and the non-offending team recovers?

<i>Rule 8 | Section 6 | Article 7</i>","The non-offending team has the option of L15 (UR) or L25 (RP) from the Play By Dead (PBD), with an automatic 1st Down."
"When does illegal interference affecting the recovery of a loose ball by Team A result in a first down?

<i>Rule 8 | Section 6 | Article 7</i>",First down is awarded for the Illegal Interference affecting the recovery of the loose ball by Team A.
"How is the penalty applied for a forward pass where illegal interference also includes Unnecessary Roughness (UR) or Rough Play (RP) committed by Team A?

<i>Rule 8 | Section 6 | Article 8</i>","The penalty is L15 from the Point of Last Scrimmage (PLS) for Illegal Interference, plus L15 for UR or L25 for RP, and Down Repeated (DR)."
"How is the penalty applied for a forward pass where illegal interference also includes Unnecessary Roughness (UR) or Rough Play (RP) committed by Team B, and the Point of Foul (PF) is less than 15 yards from the Point of Last Scrimmage (PLS)?

<i>Rule 8 | Section 6 | Article 8</i>","The penalty is L15 from the PF for UR or L25 for RP, and Team B receives a 1st Down."
"What are Team B's options if Team A commits a foul during a successful convert attempt?

<i>Rule 8 | Section 6 | Article 9</i>","Team B can either allow the score and apply the penalty on the kickoff; disallow the score, apply the penalty at the Point of Last Scrimmage (PLS), and repeat the convert; or disallow the score, repeat the convert at the PLS, and apply the penalty on the kickoff."
"What are Team A's options if Team B commits a foul during a successful convert attempt?

<i>Rule 8 | Section 6 | Article 9</i>","Team A can either accept the score and apply the penalty on the kickoff; decline the score, apply the penalty at the Point of Last Scrimmage (PLS), and repeat the convert; or decline the score, repeat the convert at the PLS, and apply the penalty on the kickoff."
"What are Team B's options if Team A commits a foul before a score?

<i>Rule 8 | Section 6 | Article 10</i>","Team B has the option of L15 from the Point of Last Scrimmage (PLS) and Down Repeated (DR), or from the Point By Holding (PBH) if the foul occurs after distance gained, or allowing the score and applying the penalty on the subsequent play."
"When a foul occurs by either Team A or Team B after a score, how is the penalty applied?

<i>Rule 8 | Section 6 | Article 10</i>","The score is allowed, and the penalty will be applied on the subsequent play."
"When a foul occurs after the ball has been declared dead, and the down has been used, where is the penalty applied?

<i>Rule 8 | Section 6 | Article 11</i>",The penalty shall be applied at the Play By Dead (PBD).
"What happens if a piling on foul occurs on a 3rd Down when the distance was not gained (DNG)?

<i>Rule 8 | Section 6 | Article 11</i>","The ball is automatically awarded to Team B when it becomes dead, and the penalty for piling on cannot award the ball back to Team A, so the automatic 1st down penalty does not apply."
"What defines a Dual Foul in a game?

<i>Rule 6 | Section: Dual and Double Fouls | Article 1</i>",Dual Fouls occur when each team commits one or more fouls on the same play.
"Under what condition does the dual penalty rule apply for accepted penalties?

<i>Rule 6 | Section: Dual and Double Fouls | Article 2</i>",Both penalties must be accepted for the dual penalty rule to apply.
"What happens if one team declines a penalty in a dual foul situation?

<i>Rule 6 | Section: Dual and Double Fouls | Article 2</i>","If one team declines the penalty, the remaining penalty is applied as a single penalty."
"How is a non-distance foul applied in a dual foul scenario?

<i>Rule 6 | Section: Dual and Double Fouls | Article 2</i>","If one of the dual fouls is a non-distance foul, it shall be applied as a 10 yard (10 metre) penalty."
"Is Pass Interference by Team B an automatic first down in a dual foul situation?

<i>Rule 6 | Section: Dual and Double Fouls | Article 2</i>","No, Pass Interference by Team B is not an automatic first down in a dual foul situation."
"What happens if both fouls are Unnecessary Roughness (UR) or Rough Play (RP) in a dual foul situation?

<i>Rule 6 | Section: Dual and Double Fouls | Article 2</i>","Where both fouls are UR or RP, the automatic 1D for the B foul will not apply. The distance penalties will be adjusted at the appropriate point of application."
"Where are penalties adjusted if the first foul is not Unnecessary Roughness (UR) or Rough Play (RP)?

<i>Rule 6 | Section: Dual and Double Fouls | Article 3</i>",The penalties will be adjusted at the appropriate point of application of the first foul.
"When the first foul is Unnecessary Roughness (UR) or Rough Play (RP), where can the non-offending team choose to adjust penalties?

<i>Rule 6 | Section: Dual and Double Fouls | Article 3</i>","If the first foul is UR or RP, the non-offending team shall have the option of adjusting the penalties at the appropriate point of application of the first or second foul."
"What choice does the non-offending team have when an opponent commits two or more infractions on the same play?

<i>Rule 6 | Section: Dual and Double Fouls | Article 4</i>",The non-offending team may take its choice of one of the penalties.
"What happens if one of the chosen fouls is UR or RP, Objectionable Conduct, or No Mouthguard when a team has committed multiple infractions?

<i>Rule 6 | Section: Dual and Double Fouls | Article 4</i>","If one of the fouls is UR or RP, Objectionable Conduct, or No Mouthguard, it shall be added to the penalty chosen, at the point of application of the penalty chosen."
"What action is considered screening?

<i>Rule 9 | Section 1 | Article 1</i>",Screening is interference without direct contact.
"How is tackling defined?

<i>Rule 9 | Section 1 | Article 2</i>",Tackling is the act of grasping or encircling the ball carrier with the hands or arms.
"Under what conditions may a team interfere with opponents anywhere within bounds?

<i>Rule 9 | Section 2 | Article 1</i>","A team may interfere with opponents anywhere within bounds after legally recovering an opponent’s fumble, a dribbled ball, a blocked kick, a kickoff, a scrimmage kick, a return kick, or by intercepting an opponent’s pass."
"What is the restriction on interference regarding body height?

<i>Rule 9 | Section 2 | Article 1</i>",Interference is restricted to at or above the waist.
"When do blocking above the waist restrictions lose significance regarding the line of scrimmage and neutral zone?

<i>Rule 9 | Section 2 | Article 1</i>","Blocking above the waist restrictions lose significance when the ball has been touched by the opponents on a kick, or possession has changed on an intercepted pass, a blocked kick, or recovered fumble."
"What is the penalty for a player interfering with an opponent attempting to recover a loose ball in the field of play?

<i>Rule 9 | Section 3 | Article 1-a</i>",The ball is awarded to the non-offending team at the point of foul (PF) and an automatic 1st down.
"What constitutes illegal interference with an opponent attempting to recover a loose ball?

<i>Rule 9 | Section 3 | Article 1-a</i>","Interfering with an opponent attempting to recover a ball that is loose from a fumble, blocked kick, dribbled ball, or wild snap from centre."
"Under what condition are players not penalized for illegal interference when making contact while attempting to recover a loose ball?

<i>Rule 9 | Section 3 | Article 1-b</i>",Players who make contact in a simultaneous and bona fide effort to recover the ball shall not be penalized for illegal interference.
"What does 'consecutive downs' mean in the context of possession in a series of downs?

<i>Rule 9 | Section 4 | Article 1</i>",'Consecutive' means possession in a continuous series of downs on which the ball is in possession of one team.
"Under what conditions is the continuity of downs interrupted?

<i>Rule 9 | Section 4 | Article 2</i>","The continuity of downs is interrupted when: a) Team A gains the required distance for first down. b) Team A fails on 3rd down to gain the required distance for 1st down. c) Team B obtains possession of the ball (recovering a fumble, intercepting a pass, by any other legal play, or by penalty). d) There is a loose ball on a play from scrimmages and Team B dribbles the ball. e) The ball is punted, drop kicked or place kicked over the line of scrimmage. f) The ball is kicked out of bounds, strikes the opponent’s goal post assembly in flight on a kick from scrimmage, is blocked directly out of bounds by Team B, or is last touched by Team B before going out of bounds. g) A score is made."
"Does a ball dribbled over the line of scrimmage by Team A interrupt the continuity of downs?

<i>Rule 9 | Section 4 | Article 2</i>","No, a ball dribbled over the line of scrimmage by A does NOT interrupt the continuity of downs."
"When is 1st down awarded to Team A if they legally recover their own kick (not dribbled) over the line of scrimmage?

<i>Rule 9 | Section 4 | Article 2</i>","1st down is awarded to Team A only if the required distance for 1st down is gained, provided the ball was kicked (but NOT dribbled) by Team A over the line of scrimmage and is legally recovered by Team A before being touched by Team B across the line of scrimmage."
