chunk,rule_number,section,article,text
10,Rule 1,,,Rule 1 Conduct of the Game
10,Rule 1,Section 1,Article 1,Rule 1 Section 1 Article 1                                                                            Conduct of the Game The Canadian Amateur Rule Book for Tackle Football
11,Rule 1,Section 1,Article 1,Conduct of the Game The Canadian Amateur Rule Book for Tackle Football
11,Rule 1,Section 1,Article 1 – Definitions and Markings,"a) The field of play shall be 110 yards (100 metres) long by 65 yards (60 metres) wide. In addition, there shall be an end zone 20 yards (18.28 metres) long at each end. These areas shall be marked as shown in the field diagram. b) Sidelines – the lines marking the sides of the field. c) Goal Lines – the lines marking the end of the field. d) Dead Line – the line 20 yards (18.28 metres) behind each goal line and parallel to it. e) End Zone Sideline – the sideline extended from the goal line to the dead line. f ) End Zone – the area bounded by the goal line, end zone sidelines, and dead line. The goal line is part of the end zone. g) Field of Play – the area bounded by the goal lines and the sidelines."
11,Rule 1,Section 1,Article 2 – Boundaries,"The bounds of the playing field are defined as the inside of the sidelines, end zone sidelines, and dead lines. These boundary lines are out of bounds."
11,Rule 1,Section 1,Article 3 – Field Dimension Measurements,All measurements shall be taken from the inside edge of any boundary line.
11,Rule 1,Section 1,Article 4 – Distance Lines,"The field of play shall be marked every 5 yards (metres) by lines parallel to the goal line, and extending completely across the field between the sidelines."
11,Rule 1,Section 1,Article 5 – Special Lines,The 35 and 45 yard (30 and 40 metre) lines shall be of double thickness or double lines.
11,Rule 1,Section 1,Article 6 – Hash Marks,"Twenty-four yards (22 metres) from each sideline, each 5 yard (metre) stripe shall be marked by a short cross stripe parallel to the sideline (hash marks)."
11,Rule 1,Section 1,Article 7 – Distance Markers,"It is recommended that «markers» be placed opposite each 5 yard (metre) line, indicating the distance of each line from the goal line toward the centre of the field."
11,Rule 1,Section 1,Article 8 – End Zone Markings,"The four intersections of the goal lines and sidelines, and the four intersections of the dead line and the end zone sidelines, shall be marked only by flexible markers which must be placed at the intersection of the lines and are considered inbounds. No rigid or wooden object shall be used in order to preclude injury to players. If any rigid object is present, it shall be removed before the start of the game. Only flexible markers shall be used to prevent injury. The markers shall be soft, flexible, four sided pylons, 4” x 4” (10 cm x 10 cm) with an overall height of 18 inches (46 cm) which may include a two inch (5 cm) space between the bottom of the pylon and the ground, and be orange or red in colour."
12,Rule 1,Section 1,Article 2,"order to preclude injury to players. If any rigid object is present, it shall be removed before the start of the game. Only flexible markers shall be used to prevent injury. The markers shall be soft, flexible, four sided pylons, 4” x 4” (10 cm x 10 cm) with an overall height of 18 inches (46 cm) which may include a two inch (5 cm) space between the bottom of the pylon and the ground, and be orange or red in colour."
12,Rule 1,Section 1,Article 9 – Goal Post Assembly,"The goal post assembly shall consist of 2 vertical goal posts, 18 feet 6 inches (5.64 metres) apart, centred on the goal line, the mandatory padding specified in paragraph 2 and the crossbar joining them, whose upper edge is 10 feet (3.05 metres) above the ground. The goal posts shall be at least 20 feet (6.1 metres) above the ground level. For new installations the goal posts should measure 30 ft (9.1 metres) above ground level. A wishbone type or single shaft goal post may be used if the height and length of the crossbar meet the above standards, and the base of the goal post can be up to 110 in. (279.4 cm) behind the goal line. For safety reasons, all goal posts must be properly padded with goal post pads meeting manufacturer’s specifications. It is the responsibility of the home team to provide the padding. In the case of a neutral field, the participating teams shall decide which team shall be responsible for padding the goal posts. Note: Goal posts on the goal line are considered to be part of the end zone."
12,Rule 1,Section 1,Article 10 – Non-Regulation Fields,"When the length or width of the field is less than regulation, due to running tracks, or other obstructions, a clear set of boundary lines shall be provided, at least 1 foot (0.3 metres) inside the track, or obstruction. If an end zone is less than the required 20 yards (18.28 metres) long, and is enclosed by a track, the dead line and the end zone sideline shall be clearly marked, at least 1 foot (0.3 metres) inside the curb."
12,Rule 1,Section 1,Article 11 – Play,"A play is defined as any legally run scrimmage play (run, pass, kick), a convert attempt or a kick-off, during both regulation time and overtime."
12,Rule 1,Section 2: The Ball,Article 1 – Description,"The game is played with a four-panel ball made of pebbled grain leather, enclosing a rubber bladder and tightly inflated to a pressure of not less than 12 1/2 lbs. (85 kilopascals) and not more than 13 1/2 lbs (95 kpa). It shall be in the shape of a prolate spheroid. The circumference of the long axis shall be from 27 3/4 to 28 1/2 inches (700 to 725 mm). Circumference of the short axis shall be from 20 3/4 to 21 3/8 inches (525 to 540 mm). Length of the long axis shall be 10 7/8 to 11 7/16 inches (275 to 290 mm). Weight from 14 to 15 ounces (400 to 425 grams). The Home Team shall provide a league approved ball or balls. The decision of the Referee shall be final as to the suitability of the ball.Age Dimensions Wilson Nike Baden 6-9 Length: 9.5-10” Pee Wee (K2) Size 6 Pee Wee (Size 5) Width: 6-6.5” Diameter: 17.5-18.5” 9 - 12 Length: 9.5 - 10.5” Junior (GST) Size 7 Junior (Size 6) Width: 6-6.5” Diameter: 18.5-19” 12 - 14 Length: 10.5-11” Youth (GST) Size 8 Youth (Size 7) Width: 6.5 - 6.75” Diameter: 19.5” 14+ Length: 11” Official Size 9 Official (Size 9) Width: 7” Diameter: 21” Or other manufactures meeting same specifications as above mentioned balls."
12,Rule 1,Section 2: The Ball,Article 2 – Day and Night Games,"For day games, the ball shall be of a natural tan in colour. For night games, the ball must be of such colour as will make it clearly visible. In both day and night games, the colour of the ball shall, in no way, closely blend with the colour of the uniforms of the competing teams."
13,Rule 1,Section 3,Article 1,"Article 2 – Day and Night Games For day games, the ball shall be of a natural tan in colour. For night games, the ball must be of such colour as will make it clearly visible. In both day and night games, the colour of the ball shall, in no way, closely blend with the colour of the uniforms of the competing teams. 2 Canadian Amateur Rule Book for Tackle Football Rule 1 Section 3 Article 1 Conduct of the Game"
13,Rule 1,Section 3,Article 3,"Article 3 – Wet Day Procedure On wet days, it is recommended that at least three balls be available which may be changed at the discretion of the Referee. It is suggested that «ball persons» be used, one on either side of the field, to keep the balls as clean and dry as possible."
13,Rule 1,Section 3: The Game,,Section 3: The Game (CB5)
13,Rule 1,Section 3: The Game,Article 1,"Article 1 – Length of Game The game shall consist of 60 minutes of actual playing time, divided into 4 periods of 15 minutes each. For players at the High School level or equivalent and below, the game shall consist of 48 minutes of actual playing time, divided into 4 periods of 12 minutes each."
13,Rule 1,Section 3: The Game,Article 2,"Article 2 – Choice of Kick Off, Receiving Kick Off, or End of Field At the start of the game, the captain of the visiting team, or the team winning the coin toss, shall declare whether to have first choice at the start of the first or second half. The captain of the team having first choice at the start of the first half shall have the option of one of the three following choices: 1. Kicking Off 2. Receiving the kick off 3. Defending an end of the field The captain of the other team shall have the option of the 1 or 2 remaining choices. At the start of the 3rd period, the procedure shall be reversed. The team captain having the first choice for the 2nd half shall have the option of the 3 choices above, and the other captain the option of the remaining 1 or 2 choices. After a touchdown, the captain of the team scored against shall have the choice of kicking off, or receiving the kick off."
13,Rule 1,Section 3: The Game,Article 3,"Article 3 – Change of End At the end of the 1st and 3rd periods, the teams shall change ends. At the start of the 2nd and 4th periods, the ball shall be put into play by the team entitled to do so, at a point corresponding exactly to the point where the ball became dead at the opposite end of the field, and in exactly the same manner as if play had not been interrupted by the end of the previous period."
13,Rule 1,Section 3: The Game,Article 4,"Article 4 – Half Time At the end of the 2nd period, a 20-minute rest period shall be allowed – or such other rest period as the league shall decide."
13,Rule 1,Section 3: The Game,Article 5,Article 5 – Late Start The game shall start promptly at the time scheduled. If a team is late appearing on the field at the start of the 1st or 3rd period: Penalty – L10. No option.
13,Rule 1,Section 3,Article 6,"Article 6 – Tie Game When the score is tied at the end of the 4th period and it is necessary to declare a winner, the procedure to break the tie shall be the prerogative of the governing football association, with the consideration that the safety of the athlete is of prime importance. Any such procedures shall be communicated in writing to both teams, and to the Referee, prior to the game in which the procedure may be used. In the event that no such regulations have been prepared, the following procedure shall be used. Amateur football playing rules apply with the following exceptions: a) Immediately after the conclusion of the fourth quarter, officials will instruct both teams to retire to their respective team areas. The officials will assemble at center field and review the tie-breaking procedure. b) The officials will escort captains to the centre of the field for the coin toss. The winner of the toss shall choose one of the following options: 1) Offense or defense, with the offense at the opponent’s 35-yard line to start. 2) Which end of the field shall be used for the overtime period. c) The loser of the toss shall exercise the remaining option for the first extra period and shall have the first choice of the two options for subsequent even-numbered extra periods."
14,Rule 1,Section 3,Article 6,"escort captains to the centre of the field for the coin toss. The winner of the toss shall choose one of the following options: 1) Offense or defense, with the offense at the opponent’s 35-yard line to start. 2) Which end of the field shall be used for the overtime period. c) The loser of the toss shall exercise the remaining option for the first extra period and shall have the first choice of the two options for subsequent even-numbered extra periods. Canadian Amateur Rule Book for Tackle Football 3 Conduct of the Game Rule 1 Section 3 Article 6 d) Extra periods: An extra period provides each team the opportunity to put the ball in play by a snap, on or between the hash marks of the opponent’s 35-yard line, except if team B scores during a team A possession. Each team retains the ball until it scores or fails to make a first down. The ball remains alive after a change of team possession until it is declared dead. e) Scoring: The team scoring the greater number of points during an extra period shall be declared the winner. If the score is still tied after three extra periods having been played, any subsequent touchdown must be followed by a two-point conversion. f ) There shall be no team time-outs during overtime play."
14,Rule 1,Section 4,Article 1 – Teams,Each team consists of 12 players on the field at any one time.
14,Rule 1,Section 4,Article 2 – Team Designation,"The team which puts the ball into play shall be identified as Team A, and the other team as Team B, for identification in Approved Rulings in the Case Book."
14,Rule 1,Section 4,Article 3 – Team Captains,"a) At all times, each team shall have on the field a player designated as captain, and so identified to the officials. The captain shall be the sole communicator between the team and the officials, through the Referee, and shall be entitled to an explanation of the rules. No prolonged argument is to be allowed and the Referee’s decision cannot be disputed. b) Commenting by a player, or any occupant of the bench, for the supposed benefit of the officials shall be penalized. Penalty L10. No option. c) A captain will be informed by the Referee when a choice is to be made – such as on a kick off at the start of a half, or after a touchdown or field goal, or in the case of a foul where the captain of the non-offending team shall be given the choice of the penalty, or option provided. After the choice on a kick off has been communicated to the opponents by the Referee, the choice may not be revoked. After the choice of penalty or option has been made, the choice may not be revoked. d) The Referee may decline a request for a measurement if satisfied beyond all reasonable doubt that a first down has or has not been made. e) When the distance chains are called in to determine whether a first down has been made, only the on-field captain of each team shall be permitted in the vicinity of the measurement."
14,Rule 1,Section 5,Article 1 – Time Starts,"The below timing rules may be amended by individual leagues to shorten games into an allotted time slot. No timing change may be made that will lengthen a game. Time shall start on the signal of the Referee when: a) The ball, following a kick off, touches, or is touched by a player of either team, in bounds; b) The ball is ready to be scrimmaged; c) The ball is snapped after a “time count” foul, or after a timeout due to the noise of the crowd; d) The ball is snapped following a requested time out; e) The ball is snapped following an incomplete forward pass, or the ball being carried out of bounds, after the 3 minute warning signal has been given in any half; f ) The ball is snapped immediately following a play during which possession changes after the 3-minute warning signal has been given in any half. This includes the change of possession after a score of 1 or 3 points when the ball is put into play by a scrimmage; g) The ball is snapped on a play immediately following a kick off, a kick from scrimmage, a return kick, or an open field kick after the 3-minute warning signal has been given in any half; h) The ball is snapped after the penalty application for a foul that occurs after the 3 minute warning signal has been given in any half. The non-offending team may decline the penalty and permit time to resume as though a foul had not occurred;"
15,Rule 1,Section 5,Article 2,"Following a time out or after the 3 minute warning and the game clock is being held from the previous play, and the play is stopped for a procedural penalty by either Team. The game clock shall be held until the snap of the ball whether the yardage is accepted or not."
15,Rule 1,Section 5,Article 2,"Time shall stop on the signal of a field official when: a) A score has been made and throughout any convert attempt. b) A live ball goes out of bounds. c) A forward pass is incomplete. d) Penalty application is required. e) Three or more players from either team substitute at the same time. f ) Player injury occurs. Time stops after the ball is dead and the injured player must be replaced. g) Time expires at the end of a period. h) The ball becomes dead after the three-minute warning signal in any half. i) Any field official recognizes a request for a time out. j) The Referee feels it necessary to suspend play – defective equipment, measurements, etc. k) A play ends in which Team B has gained possession at some point during the play. l) Termination of all kick plays occurs. Rule Modification page 55"
15,Rule 1,Section 5,Article 3,"If in any period, the ball becomes dead with only a short period of time remaining, the team in possession shall be entitled to one complete play even though that play may extend beyond the normal termination of that period. Where the last play is a legally scored touchdown, the period will be extended for the convert attempt following the touchdown. The period will end when the ball is declared dead on the convert, without a foul. If a foul occurs, see Rule 1, Section 5, Article 6."
15,Rule 1,Section 5,Article 4,"Each team shall be entitled to two time outs in each half of a game. Each time out is 1 minute long. Any player, head coach, or designated head coach may request a time out from the time the ball becomes dead until it is put into play. Time outs may not be accumulated from one half to the next. After a time out, and any conference with the coaches, Team A players shall not remain in close proximity to their bench, but must return to their huddle, or move clearly away from the team bench area, if they are not using a huddle, or be penalized for illegal procedure. Penalty: L5 PLS DR."
15,Rule 1,Section 5,Article 5,"Any time after the first half, if the difference in score between the two teams becomes 35 points or more, the clock will be running time for the remainder of the game, except for injuries, scores, timeouts or any reason the Referee deems necessary to stop the clock. When the clock has been stopped it will re-start based on rule 1-5-1. Note the mercy rule does not apply for U Sport and CJFL levels."
15,Rule 1,Section 6,Article 1,"A player is in possession of the ball when firmly held in the hand or hands, arm or arms, leg or legs, or under body."
15,Rule 1,Section 6,Article 2,"When players of opposite teams have possession of the ball, it shall belong to the player who first gained possession, and who has not lost possession."
15,Rule 1,Section 6,Article 3,"If players of opposite teams legally gain simultaneous possession of the ball, it shall belong to the team which last previously had possession. If a forward pass is caught simultaneously by eligible receivers of both teams, the ball shall belong to Team A (Rule 6-4-6-c)."
16,Rule 1,Section 5,Article 2,"Disputed Possession When players of opposite teams have possession of the ball, it shall belong to the player who first gained possession, and who has not lost possession."
16,Rule 1,Section 5,Article 3,"Simultaneous Possession If players of opposite teams legally gain simultaneous possession of the ball, it shall belong to the team which last previously had possession. If a forward pass is caught simultaneously by eligible receivers of both teams, the ball shall belong to Team A (Rule 6-4-6-c). If a kick off is legally caught simultaneously by players of opposite teams               - before it has been touched by any other player after the kick off – kick off repeated at the previous                     line of kick off.               - after it has been legally touched by another player, or players – possession to the team which last                     touched it before the simultaneous possession."
16,Rule 1,Section 5,Article 4,"Change of Possession               Change of Possession occurs as follows:               a) Scrimmage Play – Team A is in possession until it loses possession (ie: fumble, blocked kick). Team B is                     in possession when a B player gains possession. Until Team A or Team B gains possession, the ball is in                     neither team’s possession and is defined as a «loose ball. »               b) Forward Pass – Team A is in possession until the pass is ruled incomplete, or the ball is intercepted                     by Team B. Team B is in possession when a B player intercepts the pass.               c) Scrimmage Kick – Team A is in possession until the ball is kicked. Team B is in possession when                     a B player gains possession. Until Team B or Team A gains possession, the ball is in neither team’s                     possession and is a ball «in flight.»               d) Return Kick – Team B is in possession until the B player has kicked the ball, which is then «in flight»                     until either Team A or Team B regains possession.               e) Kick Off – Neither team is in possession prior to the kick off. Team B is in possession when a B player                     gains possession. Until Team B or Team A gains possession, the ball is in neither team’s possession                     and is a ball «in flight.»               Note: If a kicked ball other than a kickoff is legally touched by a player of either team such touching                          shall be deemed to be possession when penalty applications are involved with before change                          of possession, loose ball, ball in flight or after change of possession."
16,Rule 1,Section 7,Article 1,"Ball in Play               The ball is in play when:               a) It has been put into play by a kick off or scrimmage, until a field official stops play by sounding the                    whistle.               b) It strikes an official who is not out of bounds, except on a forward pass.               c) It is on the ground not in possession of a player.               d) It is held in position by a player for the purpose of making a place kick, except on a kick off.               e) A forward pass is intercepted by a player in their end zone.               f ) An offside pass is made and/or the ball goes loose.               g) A ball is dribbled in bounds.               h) A dribbled ball hits the goal post assembly.               i) A kicked ball hits the goal post assembly after striking the ground, a player, or official, or after being                    kicked from the end zone.               j) A lateral pass hits the goal post assembly."
16,Rule 1,Section 7,Article 2,"Injury Stoppage               The play shall not be stopped because of player injury, or to impose a penalty until the ball is dead.               No delay shall be allowed for player injury, or for any other reason, except by permission of a field               official, who has the full authority to require the immediate removal from the field of a player who may               require the services of a trainer or doctor.               Penalty for unauthorized delay: L10, no option.               So as not to penalize teams unduly, the Referee will call an official time out of no more than two (2)               minutes to allow for medical attention and/or care of equipment related to bleeding. Neither Team shall               be charged with a time out. (Refer to Code of Ethics – Responsibilities to Players – 7, 8)"
17,Rule 1,Section 7,Article 1,Conduct of the Game
17,Rule 1,Section 8: Dead Ball,Article 1,"The ball becomes dead when: a) A field official blows the whistle to end play (NOTE 4). b) The ball, or a player with possession of the ball, goes out of bounds. c) Any score is made. d) The ball carrier is tackled, held and the forward progress has been halted. (See Notes 1, 2, 3) e) A forward pass is declared incomplete, or it strikes a game official, the goal post assembly, downs box marker or distance chain rod. f ) It is in possession of a player lying on the ground or is being held by a player for a kick off, prior to the kick off. g) It strikes the opponent’s goal post assembly in flight from a punt, return kick, place kick or kick off without touching the ground, a player or an official after being kicked, provided that such kick originated in the field of play. When this occurs on a field goal or convert attempt, the play shall be whistled dead, but the ball will remain alive until the score is made or missed. h) Any part of a ball carrier, other than hands or feet, touches the ground, even without contact by an opponent. The ball shall be declared dead AT THE POINT WHERE IT WAS HELD when the ball carrier touched the ground. Exception: The ball is not dead when a player is holding the ball for a field goal or convert attempt. i) If the ball carrier falls on a player who is on the ground, the ball shall be declared dead at that point, except if they are in the close line play area. j) Immediately if ball carrier loses their helmet. k) A ball carrier begins, simulates, or fakes a foot-first slide. Note 1: When a ball carrier is tackled and driven back toward their own goal line, it is assumed that the ball carrier was attempting to advance the ball, and that only the contact with the opponent prevented the advance. Therefore, the most forward point of advance is considered to be the point where the ball became dead. Note 2: If the ball carrier who is contacted by the opponent breaks the tackle and in this effort to advance the ball, retreats toward their own goal line, the point of advance where the ball becomes dead is considered as the point at which the ball carrier is subsequently held. Note 3: When a player is carrying the ball out of their end zone, and the player is contacted by an opponent, so that the force of the opponent’s contact drives them back into their end zone, but the player is not held, the player is still free to advance the ball. If the ball subsequently goes dead in their end zone, in the team’s possession, without having again left the end zone, the defending team shall be awarded 1 or 2 points, as applicable. If the ball is subsequently carried out of the end zone, the forward point of advance will be the point where the ball becomes dead. Note 4: When the whistle is blown inadvertently: 1) With a team in possession, the team in possession shall have the choice to: i) cancel the current play and repeat it where it began (PLS or kick-off ) or ii) have the play terminate at the PBH when the whistle was blown, downs continue if distance not gained. Note: If in air on a pass play, repeat from PLS no option. 2) With the ball not in possession of either team but where a team was previously in possession, the ball will be returned to the team last in possession and that team will have the choice to: i) cancel the current play and repeat it where it began (PLS or kick-off ) or ii) have the play terminate at the point of last possession"
18,Rule 1,Section 8,Article 1,"continue if distance not gained. Note: If in air on a pass play, repeat from PLS no option. 2) With the ball not in possession of either team but where a team was previously in possession, the ball will be returned to the team last in possession and that team will have the choice to: i) cancel the current play and repeat it where it began (PLS or kick-off ) or ii) have the play terminate at the point of last possession Canadian Amateur Rule Book for Tackle Football 7 Conduct of the Game Rule 1 Section 8 Article 13) On any scrimmage or return kick play with the ball not in possession of either team, the receiving team shall have the choice to: i) cancel the current play and repeat it where it began (PLS) or ii) take possession of the ball at the point it strikes the ground, a player, or goes out of bounds in flight. Note: If on a return kick from the end zone where ball hits the goal post assembly, repeat play from PLS no option 4) With the ball not in possession and neither team had previous possession (i.e. on kick-off prior to possession) then the play will be repeated from previous spot, no option 5) Any fouls which occur during the play, if accepted, will be administered as they would in a regular play situation on which no whistle had been blown. 6) But in the official’s judgment the result of the play was not affected, then the play will stand with the expected result. Examples of this include inadvertent whistles that occur: i) while the ball is in the air on a successful field goal, or an unsuccessful field goal which leaves the end zone in flight, ii) while the ball is in the air on a punt attempt that leaves the field of play or end zone in flight. 7) On a play during which time expires at the end of the second or fourth quarters, one additional play will be allowed. (exception 5)."
18,Rule 1,Section 9: End Zone,Article 1 – Definition,"The ball is in the End Zone when: a) Any part of the ball is on, or behind the goal line, even in the air. b) Any part of the ball touches the plane of the goal line. The ball is not in the End Zone when the whole ball is completely ahead of the goal line, or the plane of the goal line."
18,Rule 1,Section 10: Out of Bounds,Article 1 – Definition,"The ball is out of bounds when: a) It touches any boundary line, or the ground or any object on or beyond these lines, including an official, any player or substitute. b) A player in possession of the ball touches any boundary line, or the ground or any object beyond these lines, except a field official or another player who is out of bounds, while the ball carrier is fully in bounds."
18,Rule 1,Section 10,Article 2 – Carried Out of Bounds,"When the ball is carried out of bounds on the field of play; it shall belong to the team carrying it out of bounds, at the point where the ball crossed the line before it went out of bounds, except on third down when the required distance has not been gained."
18,Rule 1,Section 10,Article 3 – Kicked Out of Bounds,"a) When the ball is kicked out of bounds on the field of play, it shall belong to the opposite team, subject to the option of penalty applicable on the play. b) When a player kicks a ball out of bounds in their own end zone, it will result in a score of 1 or 2 points, unless the ball is in the end zone from a forward pass intercepted in the end zone, or as a result of a fumble into the end zone by an opponent."
18,Rule 1,Section 10,Article 4 – Forward Pass Thrown Out of Bounds,"A ball thrown out of bounds on a forward pass shall remain in possession of the passing team, except on third down when the required distance has not been gained."
19,Rule 1,Section 10,Article 4,"Forward Pass Thrown Out of Bounds A ball thrown out of bounds on a forward pass shall remain in possession of the passing team, except on third down when the required distance has not been gained."
19,Rule 1,Section 10,Article 1,Conduct of the Game
19,Rule 1,Section 10,Article 5,"Last Touched With the exception of Article 4 above, a ball which is fumbled out of bounds, or touches a player in the field of play and then goes out of bounds, shall belong to the team which last touched the ball, 24 yards (22 metres) in from the sideline at whichever point is closer to the goal line of the team entitled to possession, as follows: a) where the ball went out of bounds, OR b) where the ball was last touched in the field of play. Note: Rulings on kicked ball blocked out of bounds – See Rule 5, Section 3, Articles 3, 4."
19,Rule 1,Section 10,Article 6,"Into End Zone a) When a player fumbles the ball from the field of play directly over the opponent’s goal line and then out of bounds in the end zone without the ball touching an opponent, it shall be ruled as a fumble, out of bounds, in the field of play, with the ball declared dead at the point where it was last touched in the field of play. b) When a player fumbles the ball over the opponent’s goal line, and it is last touched by a team mate without gaining possession and then goes out of bounds in the end zone, the ball shall be awarded to the team making the fumble, at the point of the original fumble. c) When a player fumbles the ball over the opponent’s goal line, where it is recovered by an opponent, or it is last touched by an opponent without gaining possession, and then goes out of bounds in the end zone, there shall be no score and the ball shall be awarded to the opponent, at any point on or between the hash marks on the 20 yard (20 metre) line if the ball goes dead in the end zone. Exception – Blocked Kick – Rule 5, Section 3, Article 4 d) When a player fumbles or directs the ball from the field of play into their own end zone, where the ball goes out of bounds without possession being gained by either team, a safety touch shall be awarded. Note: If the team recovering the fumble in its own end zone commits a foul while attempting to advance the ball out of the end zone, there shall be no score and the penalty shall be applied at the 20 yard (20 metre) line (UR, RP etc., may be applied at PBD)."
19,Rule 1,Section 10,Article 7,"From End Zone a) When a player fumbles the ball in their own end zone, to out of bounds in the end zone, even if touched by another player, a score of 1 or 2 points shall be awarded as applicable (NOTE 1). b) When a player fumbles the ball from their own end zone, over the goal line, and then out of bounds, without the ball touching an opponent, it shall be ruled as an offside pass in the end zone (Note 1). Penalty: Team A – 1.2 D safety touch to B, or B option to allow A to scrimmage 24 yards (22 metres) in from the out-of-bounds point, downs continue. – 3D safety touch to B, or B possession 24 yards (22 metres) in from out-of-bounds point. Team B – 1 or 2 points as applicable, or A option to allow B to scrimmage 24 yards (22 metres) in from the out-of-bounds point. Note 1: Exception – no score in (a) or (b) if the ball is in the end zone from a forward pass intercepted in the end zone, or as a result of a fumble into the end zone by an opponent, or if the ball carrier has been knocked back into the end zone by an opponent and is not subsequently free to advance the ball."
20,Rule 1,Section 10,Article 7,"A option to allow B to scrimmage 24 yards (22 metres) in from the out-of-bounds point. Note 1: Exception – no score in (a) or (b) if the ball is in the end zone from a forward pass intercepted in the end zone, or as a result of a fumble into the end zone by an opponent, or if the ball carrier has been knocked back into the end zone by an opponent and is not subsequently free to advance the ball. Canadian Amateur Rule Book for Tackle Football 9 Conduct of the Game Rule 1 Section 10 Article 7"
20,Rule 1,Section 10,Article 8 – Player Out of Bounds,"It is illegal for a player to go out of bounds and return to the field and participate in the play unless that player went out of bounds as a result of: a) a slippery field b) contact with an opponent; or c) a missed block or tackle. The player is allowed to return to the field and participate in the play but must re-establish themself in the field of play with at least one foot in bounds and no contact with out of bounds. Penalty – L10 It is illegal for an out-of-bounds player to reach back into or re-enter the field of play to touch or recover a loose ball. Penalty – LB PF If a player from either team illegally participates by going out of bounds on a Kick-off before possession has been legally gained Penalty - L10 from the point of kick-off repeat kick-off or option If a player from either team illegally participates by going out of bounds after possession has been legally gained on a Kick-off: Penalty - L10 PP, PBH, PBD or option If a player of Team B reaches back into the field of play while still out of bounds and touches a kickoff. Penalty: Ball is dead at spot of touch with possession awarded along with 10-yard penalty for Illegal participation."
20,Rule 1,Section 11: Uniform & Equipment,,"Section 11: Uniform & Equipment (CB12) Article 1 – General a) No player shall wear equipment of any kind which may injure the opponent. The Referee may have removed from the game any player who is wearing equipment which, in the Referee’s opinion, endangers a participant. b) No team shall wear uniforms that blend closely with the color of the ball. Teams must wear uniforms where the numbers are easy to identify. c) The following equipment is mandatory and shall be worn by all players. The prime responsibility of proper equipment rests on the Head Coach or their designate. The equipment shall be designed and manufactured by a professional manufacturer and cannot be altered in any way. 1) Knee protection in the form of soft padding entirely captured within a continuous material or knee protection specifically designed for and insertable in football pants. Knee protection cannot include any strap featuring a buckle, Velcro, clip, or strap that could become unfastened during play. 2) thigh guards. 3) hip pads, with tailbone protector. 4) shoulder pads. 5) mouthguard covering all the upper jaw teeth, as specified in Article 3 of this Section 11. It shall be illegal for a player to have a second mouthguard, which would include but not limited to an extra-oral mouthguard attached or fixated to the helmet or facemask. 6) shoes which meet the specifications as in Article 4 of this Section 11, or which may provide less fixation to the ground, such as ripple soles, or broomball type shoes, where no «cleats» are provided. No player shall participate in the game without being properly equipped and wearing shoes as specified. 7) Items 1, 2, 3, 4 and including all Back Plates and Rib Protectors must be covered by the pants or jersey, exception being for players who are wearing a snap in soft foam hip and tail pad system. 8) Helmet and face guard as per rule 1-11-2 d) Adhesive material, grease or any other slippery substance, applied on a player’s person or clothing, that affects the ball or an opponent, is illegal. e) Any gloves which have any type of webbing between the digits are illegal."
21,Rule 1,Section 11,Article 1,"f) All players’ numbers must conform to those listed on the score sheet. Players shall retain the same numbers throughout the game, except when permission to change is given by the Referee. Where a sweater is torn, the Referee shall allow reasonable time for a substitution, but any change in number must be reported to the scorer. g) It is illegal to tie or knot team jerseys Penalty a) b) f ) g): the offending player shall be removed from the game until the illegal equipment is replaced or the score sheet is corrected. Penalty c): Loss of 5 yards from point where the ball would have been put into play, if no other foul had occurred, or added to the penalty for any other foul. The offending player shall be removed from the game until the illegal equipment is replaced. Immediate substitution will be made, but the game shall not be delayed. If more than 1 player offends on the same play, only 1 penalty L5 will be applied for that play. Fouls on subsequent plays will be penalized in the same way – L5 on each play where 1 or more players offend Penalty d) e): Team A 1,2D-L 10 DR, 3rd DG- L 10, DNG-LB PBD. Team B L 10 PLS The offending player shall be removed from the game until the illegal material, substance or gloves have been removed. Immediate substitution will be made but the game shall not be delayed. If more than one player offends on the same play, only 1 penalty L 10 will be applied for that play. Fouls on subsequent plays will be penalized in the same way-L 10 on each play where 1 or more players offend."
21,Rule 1,Section 11,Article 2 – Helmets and Imitation of the Ball,"a) Only helmets and facemasks approved by the National Operating Committee on Safety in Athletic Equipment (NOCSAE) shall be worn by players. b) All visors must be clear, not tinted – No medical exceptions are allowed. c) A player shall be required to wear the helmet while in bounds and shall not voluntarily remove it while the play is in progress. d) The use of the helmet or other objects to deceive opponents as to the location of the ball is illegal. e) If a player’s helmet involuntarily comes off during the play, except as a result of a foul, he/she shall be required to leave the game for 3 plays. f ) If any player loses their helmet the player must stop participating in the play. Penalty: L10 PBD or PBH. g) Hitting a player who has lost their helmet is to be ruled Unnecessary Roughness h) Leagues can approve and administer the use of communication devises, providing such devices do not alter or change the construction of the helmet. i) A player has the option of wearing a manufactured protective helmet cover “Guardian Caps” during practices and or games. The helmet cover must be designed and manufactured by a professional manufacturer and cannot be altered in any way. Penalty: a) b) c) d): Offending player shall be removed from game until situation is corrected. Offending team is also assessed a 10-yard penalty PBD."
21,Rule 1,Section 11,Article 3,Conduct of the Game
22,Rule 1,Section 11,Article 3,"Article 3 – Mouthguard A player shall wear an intra-oral (within the mouth) mouth and tooth protector, which includes an occlusial (protecting and separating the biting surfaces) and an optional labial (protecting the lips) portion. It is also recommended that the protector be either (a) constructed from a model made from an impression of the individual’s teeth, or (b) constructed and fitted to the individual by impressing their teeth into the mouth and tooth protector itself. It shall be illegal for a player to participate in the game unless the mouthguard is being worn in the proper position by the player. Penalty: 1st Infraction – the Referee only shall clearly warn the offending player that the mouthguard must be in the proper position while participating. 2nd & subsequent infractions by any player previously warned as above by the Referee – L5 from the point where the ball would have been put in play if no foul had occurred. The player shall be removed until properly equipped. Immediate substitution shall be allowed. Note 1: Subsequent infractions, if deemed deliberate, will be ruled and penalized as objectionable conduct. Note 2: A penalty card, or similar card should be used to record the number of the player warned, in order to ensure accuracy."
22,Rule 1,Section 11,Article 4,"Article 4 – Footwear For all playing surfaces, a cleated shoe with the following specifications will be accepted. Turf or running shoes are also acceptable. i. Minimum of 7 cleats per sole, with a minimum cleat tip diameter of 3/16 inch (4.8 mm). ii. Additional cleats may be of lesser tip diameter, provided the maximum length is 1/2 inch (12.7 mm). iii. Maximum cleat length of 1/2 inch (12.7 mm). iv. A cleat made of metal or with a metal tip is illegal. Note 1: Illegal cleats include those made of metal, or with a metal tip, or made of any material that burrs, chips, or fractures. Penalty: L5 from point where the ball would have been put into play if no other foul had occurred or added to the penalty for any other foul. If more than 1 player offends on the same play, only 1 penalty L5 will be applied on that play. The offending player shall be removed from the game until the illegal equipment is replaced. Immediate substitution will be made, but the game shall not be delayed."
22,Rule 1,Section 11,Article 5,"Article 5 – Coach’s Certification The head coach, or the designated representative, shall certify to the umpire before the game that all players: a) have been informed of the mandatory equipment as specified in the rules, and what equipment is illegal b) have been provided with the mandatory equipment as specified in the rules c) have been instructed to wear the mandatory equipment, and how to wear it during the game d) have been instructed to notify the coaching staff when equipment becomes illegal for any reason during the game"
22,Rule 1,Section 11,Article 6,"Article 6 – Game Equipment The following equipment shall be provided for the use of the minor officials as follows: a) Distance chain – Two rods shall be connected near the lower end with a chain so that the distance between the rods is exactly 10 yards (10 metres). The rods shall be made of wood or aluminum, at least 6 feet (1.8 metres) high, preferably with a distinctive marking device at the top of each rod. b) Downsbox – shall be a wooden or aluminum post, with plates or a box numbered from 1 to 3, with numbers at least 10 inches (25 cm) high, and clearly visible to all officials and players. c) Timer’s Flag – shall be a standard flag, preferably of contrasting colours to make it visible from any part of the field. d) Stop watch or Timer’s clock."
23,Rule 1,Section 12,Article 2,Conduct of the Game
23,Rule 1,Section 12: Players and Substitutes,Article 1,"All players must be registered by name and number with the scorer prior to the start of the game.Penalty: The offending player shall be removed from the game until the score sheet has been corrected.Immediate substitution will be made, but the game shall not be delayed.Note 1: Any score made by a non-registered player is legal, provided the player is then registered on thescore sheet."
23,Rule 1,Section 12: Players and Substitutes,Article 2,"a) Substitutes may enter the field of play when the ball is dead and only at that time.b) A player leaving the game shall proceed directly to the sideline on which their bench is located, andthen to the team bench in the out-of-bounds area.c) The sideline officials (Down Judge and Line Judge) shall control the substitutes. As soon as possibleafter the ball is dead on a play, they shall observe their sidelines for possible substitutes, untilTeam A breaks its huddle. At this time, they will raise their arms to shoulder level, after which nosubstitute shall enter the field for any reason – regardless of the number of players a team may haveon the field.d) The use of substitution proceedings, or alleged substitution proceedings to deceive the opponentis illegal. If one or more Team A players or substitutes legally enter the field or leave the field, asleeper play is illegal on the subsequent play. A “sleeper play” is defined as a pass play or kick playdesigned to deceive the opponent.i) Occurs when an A player remains at the sideline adjacent to their team bench area,ii) Often occurs with the ball on the opposite side of the field, Team A lines up quickly, snaps theball, and throws a forward pass or lateral to a remote A player.iii) A running play, a pass play or kick play to another eligible A player, not in a remote area neartheir team bench sideline, is legal.Penalty: Team A 1.2D –L10 DR, 3D DG –L10 DR, 3D DNG-LB, PBD e) A substitute who enters the field to the extent to be able to communicate with a teammate mustremain on the field for the subsequent play.Penalty: Team A 1.2D – L10 DR, 3D DG-L10 DR, 3D DNG-LB PBD.Team B L10."
23,Rule 1,Section 12: Players and Substitutes,Article 3,"It is illegal for a team to have more than 12 players and/or substitutes on the field during a play, throughan error in substitution or otherwise.Penalty: Team A 1.2D-L10 DR, 3D DG-L10 DR, 3D DNG-LB PBD.Team B L10.Note: Coaches, not officials, are responsible for fielding the correct number of players."
23,Rule 1,Section 13: Non Players,Article 1,"a) During the game, the only persons who may legally occupy any position on the sidelines are: thefield officials, the Downbox Official, the Yardstick Officials, the Time Keeper, and the Scorer.b) During the game, the team bench area may be occupied only by substitute players, and otherauthorized non-playing personnel of the team, consisting of coaches, doctors, trainers, andequipment personnel, who must remain in close proximity to their bench and must not encroachon the sidelines or playing field while play is in progress. The team bench area shall be locateda minimum of 5 yards (5 metres) and a maximum of 10 yards (10 metres) from the sideline. Thearea shall be enclosed by a line 4 inches (10 cm) wide, which is located at least 2 yards (2 metres)minimum, and 5 yards (5 metres) optimum from the sideline, and a line at each end of the bench5 yards (5 metres) from the end. (See Field Drawing.) Occupants of the bench shall remain withinthe enclosed area, except during legal substitution proceedings, or by express permission of theReferee, in order to keep the sideline clear for both officials and coaches.Penalty: L10, no option, from point where the ball would have been put in play if no foul hadoccurred."
24,Rule 1,Section 13,Article 3,"by a line 4 inches (10 cm) wide, which is located at least 2 yards (2 metres) minimum, and 5 yards (5 metres) optimum from the sideline, and a line at each end of the bench 5 yards (5 metres) from the end. (See Field Drawing.) Occupants of the bench shall remain within the enclosed area, except during legal substitution proceedings, or by express permission of the Referee, in order to keep the sideline clear for both officials and coaches. Penalty: L10, no option, from point where the ball would have been put in play if no foul had occurred."
24,Rule 1,Section 13,Article 2,"During an official time out, a conference at the sideline between coaches and players of each team is legal. A similar conference is legal whenever the clock is stopped and a significant time delay occurs, e.g. a measurement, injury, TV commercial, etc."
24,Rule 1,Section 13,Article 3,"An unauthorized person shall not enter or reach into the field while play is in progress and/or interfere with a player of either team, or with a loose ball: a) Acting to the advantage of the team in possession. Penalty: If it is obvious to the Referee that a score (such as a rouge or safety touch) would have been made, then the score will be awarded. If not, L10 PBH. b) Acting to the advantage of the team not in possession. Penalty: If it is obvious to the Referee that a touchdown would have been scored, or if the unauthorized person is a substitute, coach, trainer or other occupant of the team bench, a touchdown shall be awarded. If not, the non-offending team shall be awarded: 1. Half the distance to the goal line from PLS or PBD. 2. For illegal interference on a forward pass - – Field of Play – Half the distance to the goal line from PF. – End zone – Against Team A, award the ball to Team A at the 1 yard (1 metre) line (unless a touchdown is awarded). – Against Team B, award the ball to Team B at the 20 yard (20 metre) line. 3. 3 downs, regardless of time remaining in the period (unless Team A scores on 1st or 2nd down, or loses possession on 1st or 2nd down, with Team B making a legal recovery). c) Touching or kicking a loose ball. Penalty: If it is obvious to the Referee that a score would have been made, the score will be awarded. If the person is a substitute, coach, trainer, or other occupant of the team bench, the team will be penalized half the distance to their goal line from PF. If the non-offending team was previously in possession, or was normally expecting to gain possession by receiving a scrimmage kick, it shall be awarded the ball, and 3 additional downs shall be awarded regardless of time remaining, (unless Team A scores on 1st or 2nd down, or loses possession with Team B making a legal recovery). If the person is not associated with a team as described in (d) below, the play shall be repeated at PLS, subject to any team penalties which will be applied at PLS. d) If the unauthorized person is a substitute, coach, trainer, or other occupant of a team bench: Penalty: Disqualification from further participation in any capacity."
24,Rule 1,Section 13,Article 5,"During a stoppage in play for injury, or other reason, personnel of each team shall be allowed to enter the field with the Referee’s permission. Such personnel may attend to the injured player or bring water to the players on the field. Personnel shall not undertake any coaching activities while on the field. The Referee need not permit the attendants of both teams to enter the field in case of injury to a player of 1 team only. When play has been stopped for a player injury or for equipment repair, that player shall be required to leave the game for at least three plays for the case of an injury or at least one play for equipment. Penalty: L10, no option."
24,Rule 2,,,Officials
24,Rule 2,Section 1,,Designation of Officials                                                                              (CB13)
24,Rule 2,Section 1,Article 1,Field Officials 7 officials 6 officials 5 officials 4 officials 3 officials R R R R R U U U U U FJ BU BU BJ BJ DJ DJ DJ DJ DJ LJ LJ LJ LJ SJ
25,Rule 2,Officials,Officials,"The Canadian Amateur Rule Book for Tackle Football Rule 2 Officials Rule 2 Section 1 Article 1 Officials Rule 2 — Officials Section 1: Designation of Officials (CB13) Article 1 – Field Officials 7 officials 6 officials 5 officials 4 officials 3 officials R R R R R U U U U U FJ BU BU BJ BJ DJ DJ DJ DJ DJ LJ LJ LJ LJ SJ

Field officials will be designated as follows, for various sizes of crews:
              Referee (R), Umpire (U), Back Umpire (BU), Back Judge (BJ), Down Judge (DJ), Line Judge (LJ) and Side
              Judge (SJ)
              Note: The number of officials per game may be from 1 to 7, as specified by the governing authority."
25,Rule 2,Officials,Article 2 – Side Line Officials,"Article 2 – Side Line Officials
              i) Downbox Official
              ii) Yardstick Official (2 or 3)
              iii) Timekeeper
              iv) Scorer"
25,Rule 2,Officials,Article 3,"Article 3
              The number of officials per game shall be in accordance with the recommendations of the local,
              provincial, or national officials’ associations. Responsibilities, positioning, and mechanics are covered in
              the CFOA/Football Canada Officials’ Training Manual."
25,Rule 2,Section 2: Jurisdiction and Duties,Article 1 – Responsibility,"Section 2: Jurisdiction and Duties
       Article 1 – Responsibility
              All field officials are equally responsible for the orderly conduct of the game, and the enforcement of
              the rules. No agreement shall be made that would prevent the calling of any foul by any official against
              either team.
              All field officials, upon recognizing any player who shows signs, symptoms, or behaviors consistent with
              a concussion (such as loss of consciousness, headache, dizziness, confusion or balance problems) shall
              report their concerns through the Referee to the head coach or appropriate health-care professional."
25,Rule 2,Section 2: Jurisdiction and Duties,Article 2 – Equipment,"Article 2 – Equipment
              Each field official shall be equipped with a whistle and a «red» coloured marker."
25,Rule 2,Section 2: Jurisdiction and Duties,Article 3 – Stoppage of Play,"Article 3 – Stoppage of Play
              The sounding of a whistle when the ball is in play shall cause the ball to be ruled dead, and shall stop
              the game. The whistle should not be sounded in the event of injury until the ball is dead."
25,Rule 2,Section 2: Jurisdiction and Duties,Article 4 – Signal for Infraction,"Article 4 – Signal for Infraction
              The throwing of the marker shall indicate an infraction, but play shall continue until the sounding of a
              whistle."
25,Rule 2,Section 2: Jurisdiction and Duties,Article 5 – Signal to Play,"Article 5 – Signal to Play
              The Referee shall sound the whistle to indicate that the ball is ready for play, and shall signal that «time
              is in» by a downward sweep of the arm from the overhead position."
25,Rule 2,Section 2: Jurisdiction and Duties,Article 6 – Out-of-Bounds Marking,"Article 6 – Out-of-Bounds Marking
              The nearest official should mark the out-of-bounds spot when the ball goes out of bounds."
26,Rule 2,Section 2,Article 4,"Article 4 – Signal for Infraction The throwing of the marker shall indicate an infraction, but play shall continue until the sounding of a whistle."
26,Rule 2,Section 2,Article 5,"Article 5 – Signal to Play The Referee shall sound the whistle to indicate that the ball is ready for play, and shall signal that «time is in» by a downward sweep of the arm from the overhead position."
26,Rule 2,Section 2,Article 6,Article 6 – Out-of-Bounds Marking The nearest official should mark the out-of-bounds spot when the ball goes out of bounds.
26,Rule 2,Section 2,Article 7,Article 7 – Penalty Signals All officials should be familiar with the approved signals.
26,Rule 2,Section 2,Article 8,"Article 8 – Foul Called When a foul is called, the official shall report it to the Referee immediately if the ball is dead, or if the ball is alive, as soon as it is dead. The Referee shall give a preliminary signal to indicate the nature of the foul."
26,Rule 2,Section 2,Article 9,"Article 9 – Foul Reporting When a foul has been reported to the Referee, the Referee will indicate the number of the player who committed the foul, give the penalty signal, assess the penalty, and signal that the ball is again ready for play."
26,Rule 2,Section 2,Article 10,"Article 10 – Forward Progress When the ball has been whistled dead, the appropriate official shall mark the spot of forward progress of the ball, which will be the point of the subsequent play."
26,Rule 2,Section 3: Referee (R),Article 1,"Article 1 – Responsibility The Referee shall take primary charge of the game, and shall guide and direct the work of the other officials. The Referee shall apply the rules, and assess the penalties, and rule upon disputes or situations not covered by the rules. The Referee’s decision on any situation in the game is final. The Referee may overrule any other official. The Referee may have removed any of the sideline officials, if the Referee considers it necessary, and immediately require the replacement of any official so removed. The Referee shall test the game balls 30 minutes before the game, and the Referee’s decision shall be final as to the suitability of the balls."
26,Rule 2,Section 3: Referee (R),Article 2,"Article 2 – Field Markings The Referee shall report any irregularities in field markings, or ground rules, to the captains before the game, and review these with the other officials before the game."
26,Rule 2,Section 3: Referee (R),Article 3,"Article 3 – Options The Referee shall explain to the captains of either team any ruling made or penalty assessed. When a foul is called, the Referee shall explain to the non-offending captain the application of the penalty, or any option to which the captain is entitled if they refuse the penalty."
26,Rule 2,Section 3: Referee (R),Article 4,"Article 4 – Count of Downs The Referee shall keep count of the downs, subject to a check with the Down Judge."
26,Rule 2,Section 3: Referee (R),Article 5,Article 5 – Communication The Referee shall be the sole means of communication between the officials and the team captains or coaches.
26,Rule 2,Section 3: Referee (R),Article 6,"Article 6 – 3-Minute Warnings The Referee shall be notified by the Down Judge or Line Judge, when 3 minutes of play remains in each half. The Referee shall notify the captains, and the nearest official shall notify the coaches of each team."
26,Rule 2,Section 3: Referee (R),Article 7,"Article 7 – End of Period The Referee shall indicate that playing time has ended in each period, by sounding the whistle and signaling to the Timer."
26,Rule 2,Section 3: Referee (R),Article 8,Article 8 – End of Half Time Interval The Referee shall have the captains of each team warned when 3 minutes remains in the half time interval.
26,Rule 2,Section 3: Referee (R),Article 9,"Article 9 – Positioning The Referee shall take primary charge of Team A, and shall take a position behind Team A. The Referee is responsible to determine if the ball is put into play legally, cover the action of the passer and the kicker and their opponents. The Referee shall be responsible for marking the out-of-bounds spot when a ball goes out of bounds in flight. The Referee shall rule on lateral passes behind the line of scrimmage, and the position of onside players in an «onside kick» situation."
27,Rule 2,Section 4,Article 1,Officials
27,Rule 2,Section 4,Article 1,"The Referee shall take primary charge of Team A, and shall take a position behind Team A. The Referee is responsible to determine if the ball is put into play legally, cover the action of the passer and the kicker and their opponents. The Referee shall be responsible for marking the out-of-bounds spot when a ball goes out of bounds in flight. The Referee shall rule on lateral passes behind the line of scrimmage, and the position of onside players in an «onside kick» situation."
27,Rule 2,Section 4,Article 1,"The Umpire shall have primary jurisdiction over the actions of players of both teams on the line of scrimmage, and shall take a position behind the defensive line of Team B."
27,Rule 2,Section 4,Article 2,The Umpire shall: a) Supervise the line backers and their use of hands on eligible pass receivers of Team A. b) Cover short forward passes and short kicks over the centre of the line. c) Check that Team A ineligible receivers on the line of scrimmage do not proceed downfield before a forward pass is thrown. (Exception 6.4.5.) d) Assist in coverage of crack-back blocking in the restricted area.
27,Rule 2,Section 5,Article 1,"The Back Umpire shall have primary jurisdiction over the actions of players of both teams behind the Team B line, and shall take a position behind the deepest Team B player."
27,Rule 2,Section 5,Article 2,The Back Umpire shall: a) Cover long passes in the centre of the field and kicks downfield. b) Rule field goal attempts from outside the 10 yard (metre) line successful or not.
27,Rule 2,Section 6,,The duties of the Back Judge shall be identical with those of the Back Umpire.
27,Rule 2,Section 7,Article 1,"The Down Judge shall be responsible for the general supervision of the line of scrimmage, the neutral zone, and the actions of the end and flankers on his/her side of the field. The Down Judge shall take up a position on the line of scrimmage at a suitable distance in from the sideline on the same side of the field as the distance chain and Downsbox. The Down Judge shall be primarily responsible to cover crack-back blocking by players positioned on their side of the field when the ball is snapped."
27,Rule 2,Section 7,Article 2,"The Down Judge shall, when appropriate: a) Cover passes down his/her side of the field. b) Cover kicks down his/her side of the field."
27,Rule 2,Section 7,Article 3,"The Down Judge shall: a) Systematically check his/her sideline for substitutes, and ensure legality of substitution procedures. b) Notify the Referee when 3 minutes remain in each half, after being so notified by the timekeeper. c) Notify the Referee when 1 minute remains in each period, after being so notified by the timekeeper."
27,Rule 2,Section 7,Article 4,"The Down Judge shall: a) Supervise the Yardstick officials and the Dowbox official in the placement of the distance chain and Downsbox, under the direction of the Referee. b) Keep an accurate count of the downs to assist the Referee. c) Be responsible for changing the position of the distance chain at the end of the 1st and 3rd periods to the identical spot, at the opposite end of the field, corresponding to the point at which play ended in that period."
28,Rule 2,Section 7,Article 4,"d) When a measure is required by the Referee, mark on the chain the spot corresponding to the far side of the cross stripe which is farthest from the ball within the span of the distance chain, and have the Yardstick Official bring the distance chain to the Referee. e) Check distance applied on penalties."
28,Rule 2,Section 8: Line Judge (LJ),Article 1 – Responsibility,"The duties of the Line Judge shall be identical to those of the Down Judge covered in Section 7, Articles 1 to 3 inclusive, only."
28,Rule 2,Section 9: Side Judge (SJ),Article 1 – Responsibility,Positioned on or near the sideline approximately eighteen to twenty yards in advance of the line of scrimmage. The Side Judge will work the same side of the field as the Down Judge.
28,Rule 2,Section 10: Downbox and Yardstick Officials,Article 1 – Control,They shall act under the direction of the Down Judge. The Downsbox and distance chain shall be positioned out of bounds.
28,Rule 2,Section 10,Article 2 – Downsbox Position,"The Downbox Official shall place the Downsbox at the point where the ball is to be scrimmaged, and indicate the number of each down on the Downsbox."
28,Rule 2,Section 10,Article 3 – Distance Chain Position,The two Yardstick Officials shall place the distance chain as directed by the Down Judge.
28,Rule 2,Section 10,Article 4 – 3rd Yardstick Official,"If a 3rd Yardstick Official is used to hold a single marker rod on the sideline opposite the 10 yard (10 metre) objective line, but this marker will not be used to determine whether a first down has been gained. Under the direction of the Referee, penalties may be recorded."
28,Rule 2,Section 11: Timekeeper and Scorer,Article 1 – Scoresheet,"Prior to the game, the Scorer shall be provided with a complete list of the eligible competing players, including names and correct numbers. The score shall be kept as given by one of the field officials, and the scoresheet presented to the Referee after the game for signature."
28,Rule 2,Section 11,Article 2 – Timekeeper’s Responsibility,"The Timekeeper, or Timekeepers, shall keep time according to Rule 1 Section 5, following the recognized signals by the officials. If 2 timekeepers are appointed, they shall use one timing device placed between them and operated solely by one of them. In the event of disagreement, the Referee shall be called immediately to settle any dispute or make any necessary adjustment."
28,Rule 2,Section 11,Article 3 – 3-Minute Warning,"The Timekeeper shall notify the Down Judge or the Line Judge when 3 minutes remain in the 2nd and 4th periods, and when 1 minute remains in each period."
28,Rule 2,Section 11,Article 4 – Last Minute Procedure,"Just prior to and during the last minute of play in each period, the Timekeeper shall take a position on the sideline clearly visible to the officials. At the commencement of the last minute of play, the Timekeeper will raise the flag, and continue to keep it raised until the Timekeeper’s watch registers full time for the period. The flag should then immediately be lowered, so that it is no longer visible to the officials. If the ball becomes dead on any play, and the flag is still raised, the ball will again be put into play. If the flag has been lowered since the last time the ball was put into play, the period will be over, and so declared by the Referee, subject to fouls committed during the last play."
28,Rule 3,Scoring,,Rule 3 — Scoring
28,Rule 3,Section 1: Table of Scores,,Touchdown 6 Points Rouge 1 Point Field Goal 3 Points Convert 1 or 2 Points Safety Touch 2 Points The team scoring the majority of the points shall be the winner.
29,Rule 3,Scoring,,Rule 3 Scoring Rule 3 Section 1 Scoring Rule 3 — Scoring Section 1: Table of Scores Touchdown 6 Points Rouge 1 Point Field Goal 3 Points Convert 1 or 2 Points Safety Touch 2 Points The team scoring the majority of the points shall be the winner.
29,Rule 3,Section 2: Definitions,,Section 2: Definitions                                                                                          (CB14)
29,Rule 3,Section 2: Definitions,Article 1 – Touchdown,"Article 1 – Touchdown
              A touchdown is scored when the ball is in the opponent’s end zone in possession of a player, or when
              the ball in the possession of a player crosses or touches the goal line, or the plane of the goal line, even
              in the air. Should the ball subsequently be fumbled, or the player in possession forced back into the field
              of play, the touchdown shall score.
              A touchdown is scored when a forward pass is legally completed in the opponent’s end zone.
              After a touchdown, the team scored against may elect to have the play put into play as follows:
                         a) By kicking off from its own 45 yard (40 metre) line
                    or b) Requiring the scoring team to kick off from its 45 yard (40 metre) line"
29,Rule 3,Section 2: Definitions,Article 2 – Field Goal,"Article 2 – Field Goal
              A field goal is scored by a drop or place kick (except on a kick off ) when the ball, after being kicked, and
              without again touching the ground, goes over the crossbar, and between the goal posts (or goal posts
              produced) of the opponent’s goal, regardless of whether it touches the goal post assembly.
              If, after being kicked, the ball touches, or is touched by any player before it crosses the line of
              scrimmage; or touches or is touched by a B player after it crosses the line of scrimmage; and the ball
              continues forward in the air over the cross bar between the goal posts, the field goal shall score.
              The ball shall be dead immediately after it crosses the bar.
              After a field goal, the team scored against may elect to have the ball put into play as follows:
                         a) By scrimmaging the ball at its own 35 yard (30 Metre) line
                    or b) By kicking off from its own 35 yard (30 metre) line
                    or c) Requiring the scoring team to kick off from its 45 yard (40 metre) line."
29,Rule 3,Section 2: Definitions,Article 3 – Safety Touch,"Article 3 – Safety Touch
              A safety touch is scored when the ball becomes dead in possession of a team in its own end zone, or
              goes out of bounds in the end zone, as a result of the ball having been carried, kicked, fumbled or
              otherwise directed from the field of play into the end zone by the team scored against, or as a DIRECT
              result of a kick being blocked in the field of play.
              If a player intercepts a forward pass in the field of play while moving toward the player’s goal line, and in
              the judgment of the official, the momentum carries the player into the player’s end zone, possession is
              deemed to have been gained in the end zone.
              If a player carries the ball out of the player’s end zone and is contacted by an opponent so that the force
              of the opponent’s contact drives the player back into the end zone, the player shall not be deemed to
              have carried the ball back into the player’s own end zone.
              After a safety touch, the scoring team will scrimmage the ball from its own 35-yard (30 metre) line.
              If, in the judgment of the official, a team deliberately commits a Holding infraction while in the act of
              conceding a Safety Touch, the score shall count and the penalty shall be applied at the point where the
              ball is next put into play, or option.
              Where multiple fouls occur on a safety touch, and in the opinion of the officials this tactic is being
              employed to run out the clock. The clock will be reset back to the start time of the play in addition to
              awarding a score and applying a penalty."
29,Rule 3,Section 2,Article 4 – Rouge or Single Point,"Article 4 – Rouge or Single Point
              A rouge is scored when the ball becomes dead in possession of a team in its own end zone, or goes out
              of bounds in its end zone, as a result of the ball having been kicked into the end zone by an opponent."
30,Rule 3,Section 2,Article 4,"Article 4 – Rouge or Single Point A rouge is scored when the ball becomes dead in possession of a team in its own end zone, or goes out of bounds in its end zone, as a result of the ball having been kicked into the end zone by an opponent. Canadian Amateur Rule Book for Tackle Football 19 Scoring Rule 3 Section 2 Article 4 If a player catches a kicked ball in the field of play while moving toward their goal line, and in the judgment of the official, this momentum carries them into their team’s end zone, possession is deemed to have been gained in the end zone. For rulings on: a) Ball fumbled into end zone – Rule 1, Section 10, Article 6; and Rule 6, Section 3, Article 6. b) Ball thrown into end zone – Rule 6, Section 3, Article 8. c) Intercepted pass in end zone – Rule 6, Section 4, Article 11. On a kick off – in order for the kicking team to score a rouge on a kick off, the ball must touch the ground, a player, or an official, in bounds, after the ball has been kicked. If the ball is kicked directly out of bounds, in flight in the end zone, no point will be awarded, and the ball will be scrimmaged by the receiving team – 1D at their own 20 yard (20 metre) line, at any point on or between the hash marks. A rouge is awarded because of a foul as specified in Rule 8 Section 4 Article 1, provided that the ball has been kicked into the end zone. After a rouge, the team scored against shall scrimmage as first down at any point between the hash marks on their own 35 yard (30 metre) line. If the rouge was scored as a result of an unsuccessful field goal attempt, the team scored against may choose to scrimmage at any point on or between the hash marks on their own 35 yard (30 metre) line, or at any point on or between the hash marks at the previous line of scrimmage."
30,Rule 3,Section 2,Article 5,"Article 5 – Convert A team scoring a touchdown may attempt to add to its score by one scrimmage play at any point on or between the hash marks or play from any point on or outside the opponent’s 5 yard (5 metre) line, within the hash marks, as follows: a) 1 point – by kicking a field goal. If the kick is unsuccessful, the ball is dead immediately. b) 2 points – by scoring a touchdown. A punt or onside kick is prohibited. If B gains possession, the ball is dead immediately. Normal distance penalties may be applied on convert attempts, subject to the normal distance restrictions near the goal line. In addition, any penalty on a convert, except a time count penalty, may be applied on the subsequent kick off, at the option of the non-offending team. No convert attempt shall be made from within the 1 yard (1 metre) line. Penalty: 1) Infraction by Team B. a) Illegal interference – Forward pass – Team A shall repeat the convert attempt at the Team B 1 yard (1 metre) line, or 15 yards in advance of the PLS whichever is closer to Team A goal line, or repeat the convert at the PLS and apply the penalty (L15) on the kick off. (Refer to 6-4-10-3) b) All other infractions – Team A option Successful attempt – accept score successful, apply penalty on kick off. – decline score, apply penalty at PLS. Repeat convert. c) Unsuccessful attempt – apply penalty at PLS. Repeat convert – repeat convert at PLS. Apply penalty on the kick off 2) Infraction by Team A a) If the normal penalty is a loss of down, or loss of ball (Illegal interference affecting the recovery of a loose ball) – loss of convert attempt. b) Time Count – L5, convert repeated c) All other infractions – Team B option Successful attempt – disallow score. Apply penalty PLS. Allow Team A to repeat convert. – disallow score. Repeat convert at PLS. Apply penalty on the kick off. – allow score. Apply penalty on the kick off. d) Unsuccessful attempt – apply penalty on the kick off. 3) Dual Penalty – adjust penalties at the PLS and repeat the convert."
30,Rule 4,Scrimmage,,Rule 4 Scrimmage
30,Rule 4,Section 1,Article 1,Rule 4 Section 1 Article 1 Scrimmage
31,Rule 4,Section 1,Article 1,"The line of scrimmage is an imaginary line, extending from sideline to sideline, parallel to the goal line and passing through the point of the ball farthest from Team A’s goal line."
31,Rule 4,Section 1,Article 2,"The neutral zone is the area from the line of scrimmage to 1 yard (1 metre) in advance of the line of scrimmage, extending from sideline to sideline."
31,Rule 4,Section 1,Article 3,"The close line play area is defined as the area bounded by the outer shoulder of the offensive tight ends or positions ordinarily occupied by the tight end, within 2 yards either side of the line of scrimmage (Total 4 yards – 4 metres)."
31,Rule 4,Section 1,Article 4,"Line players of team A are those players whose head and shoulders are within 1 yard (1 metre) and on their own side of the line of scrimmage and are formed in a single line when the ball is snapped. Line players include the 5 ineligible receivers and the two eligible receivers, one at each end. Any Team A player(s) in the backfield, while moving forward, anywhere between the eligible end(s) and tackle(s), shall also be considered eligible receiver(s) as long as they remain onside at the time the ball is snapped. This will include the player occupying the position of quarterback. No stationary player of Team A shall be in a position that will create doubt as to whether they are on the line or in the backfield when the ball is snapped. Penalty: 1.2D – L5 DR; 3D DG – L5 DR; DNG – LB PBD Note: A player in a doubtful position may be penalized under this rule as an ineligible pass receiver – as applicable."
31,Rule 4,Section 1,Article 5,"Where a violation under Rule 4 occurs prior to the snap of the ball, the officials are empowered to stop the play immediately. The penalty distance may be declined, but the down will be repeated, without option, at the appropriate point, after the acceptance or declination of the penalty distance. (Exception: Rule 8, Section 3, Article 3(a))"
31,Rule 4,Section 1,Article 6,"Blocking below the waist zone is defined as an area bounded by the outer shoulder of the offensive tight ends or the positions ordinarily occupied by the tight end, within 2 yards of the defensive side of the line of scrimmage extending back to the initial position of the quarterback, running back (in normal position) or kicker."
31,Rule 4,Section 2,Article 1,"On a scrimmage play, the centre of Team A shall take up a position facing the opponent’s goal line with the ball on the ground in front of him/her. The centre of Team A shall put the ball in play by «snapping» it between the legs in one continuous motion in the direction from toe to heel. The ball must leave the center’s hand or hands and shall not handle it again until it has been in possession of another player. Any player who takes a position over the ball, with one or both hands on the ball, shall snap the ball, and be considered as the centre (subject to Rule 4, Section 3, Article 3 exception). Rotating or placing the hand beneath the ball is allowed, but the centre shall not intentionally move the ball as if to snap it, so as to draw opponent’s offside. Penalty: 1.2D-L5 DR, 3D DG-L5 DR, 3D DNG-LB PBD."
32,Rule 4,Section 2,Article 2,"Misleading Tactics No player of either team shall make a motion obviously designed to draw an opponent offside. No player of either team shall voice a signal which, in the opinion of the official, draws an opponent offside. No Team B player shall voice a signal that might mislead Team A into putting the ball in play. Should a player of either team move in such a way as to draw an opponent offside, the opponent shall not be penalized. The actions of the Team A quarterback may be penalized under this rule. This shall include a “snap down” into a two or three point stance by an offensive lineman with the sole intent to draw the defense offside. Team A shall be penalized if the quarterback: a) makes a quick movement towards the centre, without the ball being immediately snapped, or b) assumes a stance with his/her hands under the centre, and makes such motion as bobbing head, moving shoulders, or flexing knees in a jerky motion without the ball being snapped, or c) assumes a stance with his/her hands under the centre and moves away quickly from the centre without the ball being snapped. Note if the quarterback assumes such a stance, and then slowly withdraws his/her hands to call time out, call new play signals, or to step back into a shot gun formation, no penalty shall be assessed. Penalty: Team A 1.2D – L5 DR, 3D DG-L5 DR, 3D DNG – LB PBD. Team B L5."
32,Rule 4,Section 2,Article 3,"Offside No player of either team shall encroach on the neutral zone until the ball is snapped, except that the head, arms and hands of the centre may be in advance of the line of scrimmage. A player who is offside and contacts an opponent prior to the snap, shall be penalized for being offside. If a Team B player goes offside, and breaks the plane of the line of scrimmage, before the ball is snapped, the officials shall stop the play immediately, and award the penalty, subject to the right of Team A to decline the penalty and have the same down repeated as though a foul had not occurred. If a Team A player goes offside, and passes the neutral zone, before the ball is snapped, the officials shall stop the play immediately, and award the penalty, subject to the right of Team B to decline the penalty and have the same down repeated as though a foul had not occurred. A team may put the ball in play without waiting for the opponents to get onside, but a penalty shall be assessed against such offside players only if they interfere with the play. The Team B player giving defensive signals shall remain on their own side of the neutral zone for this purpose. Penalty: Team A 1.2D – L5 DR, 3D DG – L5 DR, 3D DNG – LB PBD. Team B L5."
32,Rule 4,Section 2,Article 4,"Time Count The Referee shall allow 20 seconds for the ball to be put into play. The Referee shall be the sole judge as to when the time count shall start and end, allowing the team reasonable time to line up after each play before starting the count. If after beginning the 20 second count, the game is stopped because of: • a reason associated with Team A (substitution of 3 or more players, player injury, player equipment, etc.) then Team A will only have the amount of time for the 20 second period that was remaining when the game was stopped. • a time out request by either team, a foul by either team or a reason associated with Team B (substitution of 3 or more players, player injury, player equipment, etc.) then Team A will receive a full 20 seconds to snap the ball. • a reason not associated with either team (clock malfunction, lighting issue, etc.): – if it is BEFORE the 3 minute warning in either half, then Team A will receive a new 20 seconds to snap the ball. – if it is AFTER the 3 minute warning in either half, then the game clock will be reset to the time remaining when the 20 second play clock began and the Team A will receive a full 20 seconds to snap the ball."
33,Rule 4,Section 2,Article 4,"Scrimmage

Penalty: Prior to the 3 minute warning signal and overtime: 1, 2, 3D – L5 DR.
                             – After the 3-minute warning signal in any half: 1, 2D – Team B option LD or L10DR, 3D –
                                  L10DR
                             – On convert: L5, convert attempt repeated: no option to apply the penalty on the kick-
                                  off.
                             – On kick-off: L5.
               Note: If Team A has two consecutive time count penalties, the Referee will order Team A to put the ball
               in play legally within 20 seconds or forfeit possession to Team B."
33,Rule 4,Section 3: Requirements for Legal Scrimmage,Article 1 – Legal Numbering,"Legal numbers are from 0 to 99 inclusive. All Team A players shall be identified by the following
              approved numbering system:
              Eligible Pass Receivers – 0 to 49, 80 to 99
              Ineligible Pass Receivers – 50 to 79
              On any given play from scrimmage, any number of positions may be occupied by inappropriately
              numbered players who have reported to the Referee as eligible or ineligible receivers.
              Note: In an effort to facilitate the game, an inappropriately numbered player may report for a play,
              a series or for the game. If a player reports for a series or game, that player must report again if the
              situation changes."
33,Rule 4,Section 3: Requirements for Legal Scrimmage,Article 2 – Player Requirements,"a) At the instant the ball is put into play, at least seven Team A players must be within 1 yard (1 metre)
                   and on their own side of the line of scrimmage, not including the player in the position usually
                   occupied by the quarterback.
              b) The player who, at the snap of the ball is occupying a position at either end of the line of scrimmage
                   may be in motion while within 1 yard of the line of scrimmage but must not be moving towards the
                   opponent’s goal line when the ball is put into play.
              If Team A is playing with fewer than 12 players on the field, it may reduce the equivalent number of
              players on the line without penalty.
              If Team A has fewer than 7 players on the line due to a Team A offside, the penalty shall be for offside
              only."
33,Rule 4,Section 3: Requirements for Legal Scrimmage,Article 3 – Identification and Position,"On all plays from scrimmage (running, passing, and kicking plays), Team A shall have at least 5 interior
              line players identified as ineligible pass receivers, who must be positioned in a continuous, unbroken
              line. In addition, one player at each end of the line shall be identified as an eligible receiver. Exception
              4-3-2"
33,Rule 4,Section 3: Requirements for Legal Scrimmage,Article 4 – Stance and Motion,"Team A Line Players after having assumed a three-point or four-point stance may not break their stance
              by lifting a hand. However they may point, signal, shift or move slightly in a manner that does not draw
              the defense offside. All Team A Line Players, including the Centre, must become stationary and remain
              motionless for at least one second immediately prior to the snap of the ball.
              The centre is allowed to make the motion which is necessary to snap the ball, but may not break their 3-
              or 4-point stance on the ball, to allow another player to become the centre.
              A line player of Team A, may not legally be moving in any direction, or change position by moving in
              any direction, immediately prior to the ball being snapped. Exceptions 4.3.2 (B) and 6.4.4 (C)
                   Penalty: 1.2D – L5 DR, 3D DG – L5 DR, 3D DNG – LB PBD"
33,Rule 4,Section 4,Article 1,Scrimmage
34,Rule 4,Section 4,Article 1,"The centre is allowed to make the motion which is necessary to snap the ball, but may not break their 3- or 4-point stance on the ball, to allow another player to become the centre. A line player of Team A, may not legally be moving in any direction, or change position by moving in any direction, immediately prior to the ball being snapped. Exceptions 4.3.2 (B) and 6.4.4 (C) Penalty: 1.2D – L5 DR, 3D DG – L5 DR, 3D DNG – LB PBD Canadian Amateur Rule Book for Tackle Football 23 Scrimmage Rule 4 Section 4 Article 1"
34,Rule 4,Section 4: Points of Scrimmage Restrictions,Article 1 – Ball Placement,"When the ball is placed in play by the Referee after a scoring play, after the ball has been declared dead in the end zone, or following the application of a penalty for a foul in the end zone or a foul on a convert, or the ball strikes the goal post assembly in flight. Team A may elect to put the ball into play, in the appropriate way, as required by the rules, at any point on or between the hash marks. If a rule specifies that the next point of scrimmage is the PLS, the ball will be placed at that specific spot."
34,Rule 4,Section 4: Points of Scrimmage Restrictions,Article 2 – Side Line,"If the ball becomes dead within 24 yards (22 metres) of the sideline, or goes out of bounds, it shall next be scrimmaged 24 yards (22 metres) in from that sideline at the yardage point where it became dead."
34,Rule 4,Section 4: Points of Scrimmage Restrictions,Article 3 – Goal Line,"If Team A has possession of a ball within 1 yard (1 metre) of either goal line, it shall be scrimmaged on the 1 yard (1 metre) line."
34,Rule 4,Section 4: Points of Scrimmage Restrictions,Article 4 – 3rd Down Position,"In the case of wet ground, on 3rd down on or within their own 15 yard (15 metre) line, Team A may position the ball away from the goal posts at the closest hash mark, or closest suitable spot to that point."
34,Rule 4,Section 4: Points of Scrimmage Restrictions,Article 5 – Near Own Goal Line,"In the case of wet ground, on any down on or within their own 5 yard (5 metre) line, Team A may position the ball away from the goal posts at the closest hash mark, or closest suitable spot to that point."
34,Rule 4,Section 5: Interference,Article 1 – Definitions,"a) Interference is a general term, applicable to both teams. It is committed when a player obstructs, blocks or charges against an opponent, even without direct contact, thereby preventing their approach to the ball carrier, potential ball carrier, or to the ball. Screening is interference without direct contact. b) Blocking is a term applicable to the movement of a player against an opponent to obstruct or move him/her in any way, and normally applies to Team A. c) Blocking below the waist is making the initial contact below the waist against an opponent, other than the ball carrier, with any part of the blocker’s body. d) A delayed knee block is a block that occurs when a player blocks an opponent, at or below the knees, while the opponent is engaged with a teammate of the blocker, with or without physical contact. e) The use of hands and arms in blocking is legal, provided that: 1. The hands may be slightly behind the elbows, even with the elbows, or in advance of the elbows. 2. The arms may be fully extended. 3. The hands shall be open, with the palms facing the opponent, or cupped or closed with the palms not facing the opponent. 4. The hands and arms are not used in a striking or punching manner, or to grasp, pull, encircle, lift, hook, lock, or clamp an opponent. 5. The hands are not clasped or locked. On a rolling or cross body block, the hands may be also legally extended from the body."
34,Rule 4,Section 5: Interference,Article 2 – Team A,"a) On any play from scrimmage, except when the ball is kicked across the line of scrimmage, all Team A players may interfere with opponents from deadline to deadline. b) On a kick play, Team A players may interfere with the opponents in and behind the neutral zone, until the ball is kicked, and then as covered in Rule 5. c) Interference on a Forward Pass Play – Rule 6, Section 4, Article 9. d) On any play from scrimmage, it shall be illegal for a player to block an opponent below the waist except as per – Rule 7 Section 3 Article 19."
35,Rule 4,Section 5,Article 3,"a) On any play from scrimmage, B players may use their hands and arms to reach the ball carrier, but shall not hold or encircle any A player other than the ball carrier. b) Interference on a Forward Pass Play – Rule 6, Section 4, Article 9. c) Interference on a Kicking Play – Rule 5. d) On any play from scrimmage, it shall be illegal for a player to block an opponent below the waist except as per – Rule 7 Section 3 Article 19"
35,Rule 4,Section 6: Miscellaneous,Article 1,"After the ball has become dead after a kick off, the team in possession shall have 3 attempts (downs) to gain the required distance of 10 yards (10 metres). It may be advanced by carrying it, kicking it, or throwing it. In specific cases, a 1st down may be awarded even though Team A has not gained the required distance. If, in the series of downs, Team A has not gained the required 10 yards (10 metres), the ball shall be awarded to the opponents as 1st down at the point where the ball becomes dead. If the required distance is gained, downs begin again. Exception (9.4.2) Exceptions: Team A foul before loss of possession on: a) 3rd Down Kick – Team B have the option to: 1) Require Team A to repeat the 3rd down after the penalty application from PLS, or 2) Scrimmage the ball as 1st down at the point where it became dead in their possession after the kick. b) 3rd Down Running or Forward Pass Play – Distance gained, Team A shall repeat the 3rd down after the penalty application from PLS c) 3rd Down Running or Forward Pass Play – Distance not gained. Loss of Ball at – PBD – running or completed forward pass. PLS – incomplete forward pass. d) Exception (9.4.2) (F) Note: Unnecessary Roughness and Rough Play penalties are applied in addition to other penalties, or to distance gained (Rule 8, Section 1, Article 4)."
35,Rule 4,Section 6,Article 2,"In measuring for 1st down, the forward point of the ball, not its centre, shall be the determining point, and before measuring, the ball shall be rotated so that its long axis is parallel to the sidelines. A touchdown cannot be awarded as a result of this rotation. When Team A has failed to gain the required distance, and the ball is awarded to B, the Referee shall reverse the ball, so that the forward point is facing in the opposite direction."
35,Rule 4,Section 6,Article 3,"A teammate shall not help the ball carrier by grasping, pulling, pushing or charging into him/her to assist forward progress. Penalty: Team A – 1,2D –L5 DR, 3D DG –L5 PBH, 3D DNG – LB PBD Team B – L5 PBH"
35,Rule 4,Section 6,Article 4,"Team A players may not hold hands or lock arms in making a block. Team B players may not hold hands or lock arms in an effort to break up interference protecting the ball carrier. Penalty: Team A – 1.2D – L10 DR, 3D DG – L10 DR, 3D DNG – LB PBD. Team B – L10 PLS or PBH."
35,Rule 5,,,Kicking
35,Rule 5,Section 1,,Kicking
36,Rule 5,Section 1,Article 4,"DNG 
LB PBD Team B 
L5 PBH Article 4 
Holding Hands, Locking Arms Team A players may not hold hands or lock arms in making a block. Team B players may not hold hands or lock arms in an effort to break up interference protecting the ball carrier. Penalty: Team A 
1.2D 
L10 DR, 3D DG 
L10 DR, 3D DNG 
LB PBD. Team B 
L10 PLS or PBH. Canadian Amateur Rule Book for Tackle Football 25 The Canadian Amateur Rule Book for Tackle Football Rule 5 Kicking Rule 5 Section 1 Kicking"
36,Rule 5,Section 1: Definitions,,"Rule 5 
Kicking
Section 1: Definitions (CB21)
a) A kicked ball is one struck by a player’s foot, or leg below the knee. If the ball accidentally strikes a player’s foot or leg while they are attempting to gain possession, it shall be ruled as a fumble if, in the official’s judgment, the player made no effort to kick the ball.
b) A drop kick is made by dropping the ball from the hands and kicking it just as it rebounds from the ground.
c) A place kick is made by kicking the ball while it is held on the ground by a Team A player, who shall be considered «offside» with reference to the position of the ball. A tee may be used provided that the lowest point of the ball is not more than 1 inch (2.54 cm) above the ground.
d) A dribbled ball is made by kicking the ball when it is loose (not in possession of any player).
e) A return kick is one that is made by a player after receiving the ball from a punt, drop or place kick from an opponent.
f) A quick kick is a kick from scrimmage where the kicker does not take the normal kicking position.
g) An open field kick is a kick which is made after the ball has been advanced across the line of scrimmage, or after a team recovers a fumble by the opponents.
h) Blocking below the waist is making the initial contact below the waist against an opponent other than the ball carrier, with any part of the blocker’s body.
i) An onside player is a member of the kicker’s team who is behind the ball at the instant it is kicked towards the opponent’s deadline.
j) An offside player is a member of the kicker’s team who is not onside. An offside player becomes an onside player when the ball, after being kicked towards the opponent’s deadline, touches an opponent, the kicker, or another onside player. Exception: If on a kick from scrimmage a Team B player touches the ball before it crosses the line of scrimmage, such touching does not put an offside player onside."
36,Rule 5,Section 2: Kick Off,"Article 1 
Points of Kick Off","Section 2: Kick Off (CB21)
Article 1 
Points of Kick Off
On all kick offs, the ball may be held, placed on the ground, or placed on a tee, provided that the lowest point of the ball is not more than 1 inch (2.54 cm) above the ground.
The ball shall be kicked off by a place kick from any point on or between the hash marks on Team A’s:
a) 45 yard (40 metre) line 
at the start of the first and third periods, or after any touchdown.
b) 45 yard (40 metre) line 
after a field goal scored by Team A, the team scored against may elect to kick off or scrimmage from its own 35 yard (30 metre) line.
c) Line 10 yards (10 metres) back from the centre line of the field where the distance between goal lines is less than regulation. Note: Any penalty distance to be applied on the kick off, from a penalty called on the previous scrimmage play, will be applied at the above points."
36,Rule 5,Section 2: Kick Off,"Article 2 
Neutral Zone","Article 2 
Neutral Zone
The neutral zone on a kick off is the area from the line of kick off to the line 10 yards (10 metres) in advance of the line of kick off, from sideline to sideline."
37,Rule 5,Section 2,Article 2,"Article 2 – Neutral Zone The neutral zone on a kick off is the area from the line of kick off to the line 10 yards (10 metres) in advance of the line of kick off, from sideline to sideline."
37,Rule 5,Section 2,Article 3,"Article 3 – Legal Kick Off                 a) The ball must be kicked at least 10 yards (10 metres) toward the opponent’s goal, unless it is touched first by an opponent.                     Penalty: 1. For touching the ball illegally – B option – L5 kick off repeated or option 2. For recovering the ball illegally, or for touching it illegally and recovering it, or for touching it illegally and/or touching it last before it goes out of bounds                     – B option: – L5 kick off repeated or option                     – B possession as 1D at the point of illegal touching, the point of recovery by Team A,                                        or at the out-of-bounds point.                     – Decline and take result of play                 b) The ball shall not go out of bounds at the sideline unless touched by a player. A player who catches                      the ball must come down in bounds to gain possession. If a player was the last to touch the ball,                      either that player or the ball must come down in bounds for possession to be awarded.                      Penalty: B option – L5 kick off repeated                      – possession at the out-of-bounds point                      – possession 25 yards in advance of point of kick off                 c) The ball shall not go out of bounds in the end zone in flight without being touched by a player. The                      ball is immediately dead and Team B shall scrimmage at any point on or between the hash marks on                      its own 20 yard (20 metre) line, no option.                 d) The ball shall not strike the goal post assembly in flight before it is touched by a player. The ball is                      immediately dead and Team B shall scrimmage at any point on or between the harsh marks on its                      own 20 yard (20 metres) line, no options.                 e) If Team B fails to advance the ball out of the end zone, or the kick off lands inbounds, and then goes                      out of bounds in the end zone, Team A scores 1 point."
37,Rule 5,Section 2,Article 4,"Article 4 – Offside on Kick Off                 a) At the instant the ball is kicked off, players of Team A shall not be in advance of the ball, except the                      player who may be holding the ball for the kickoff or the kicker who is always considered to be                      onside.                      Penalty: L5, kick off repeated or L5 PBD                 b) Until the ball is kicked, players of Team B must remain on their own side of the neutral zone.                      Penalty: L5 to Team B, kick off repeated."
37,Rule 5,Section 2,Article 5,"Article 5 – Interference                 a) On a kick off, Team B players may interfere with any opponent within bounds, after the ball is                      kicked, until it is declared dead, provided that the initial contact is made at or above the waist.                 b) On a kick off, if Team A legally recovers the ball, or a Team B fumble, Team A players may interfere                      with any opponent anywhere within bounds, provided that the initial contact is made at or above                      the waist.                      Penalty: 1. Ball in possession of either Team                                         Holding, Illegal block– L10 PBH or option.                                          UR – L15 PBH or PBD.                                         RP – L25 PBH or PBD.                                2. Ball in flight.                                         Holding, Illegal block. – L10 point where possession is gained or option.                                          UR– L15 point where possession is gained or PBD.                                          RP– L 25 point where possession gained or PBD.                               Note: If, after the infraction, possession is gained in the end zone by B, the appropriate                               penalty distance shall be applied from the B 10-yard (10m) line or option."
38,Rule 5,Section 2,Article 5,"Kicking
c) On a kick off, Team A players may use their hands and arms to ward off blockers and may use their bodies in blocking against players protecting the ball carrier, provided that the initial contact is made at or above the waist. Any other form of blocking by Team A players is illegal interference. Penalty: Ball in flight: 1. Foul in area of PP, or which affects the gaining of possession by B – Possession to Team B at PF. 2. Foul in area remote from PP, where the A player is not attempting to prevent possession from being obtained – L10 PP. Note: If, after the foul, possession is gained in the end zone by B, the penalty shall be applied from the B 10 yard (10 metre) line, or option. Ball in possession – L10 PBH. d) On any kick play, it shall be illegal for 3 or more players to align shoulder to shoulder within 2 yards of each other and move forward in an attempt to block for a ball carrier. (Wedge Block) Penalty L10 PBH or PP"
38,Rule 5,Section 3: Blocked Kick,Article 1 – Definition,"A blocked kick is a kick from scrimmage where, after being kicked, the ball is prevented from crossing the line of scrimmage because of contact with an opponent, or with a player of Team A who is offside. It is not a blocked kick if, after the ball is so contacted, the ball then crosses the line of scrimmage. This is a deflected kick, and the touching of the ball shall be disregarded. On a return kick, a blocked kick is one where the ball is touched by an opponent simultaneously with or immediately following the ball being kicked, and the ball then travels in a direction parallel to, or in the direction of, the kicking team’s dead line. It is not a blocked kick if, after the ball is so contacted, it then travels in the direction of the opponent’s dead line. The touching of the ball shall be disregarded, and all rulings in respect to the restraining zone and interference are similar to those for a punt crossing the line of scrimmage."
38,Rule 5,Section 3: Blocked Kick,Article 2 – Blocked and Recovered in Bounds,"If the ball is blocked, and is legally recovered in bounds by: a) Team B – 1st D – PBD. b) Team A – 1.2D – downs continue unless yards are gained. 3D DG – normal 1st down PBD. 3D DNG – LB PBD. When Team A legally recovers a blocked kick, the continuing play shall be considered as any other play from scrimmage and the blocked kick disregarded. A forward pass may be thrown, and all rulings applicable to a forward pass shall be enforced (Subject to Rule 4, Section 3, Article 3). If Team B recovers the blocked kick, and then loses possession to Team A, a forward pass by either team is illegal. Exception: This does not apply on a convert attempt. When Team B legally recovers a blocked kick, Team B players may interfere with any opponent anywhere within bounds, provided that the initial contact is made at or above the waist. Blocking by Team A players to break up interference is also legal, provided that the initial contact is made at or above the waist."
38,Rule 5,Section 3: Blocked Kick,Article 3 – Blocked to Out of Bounds – Field of Play,"Where a kick is blocked and the ball goes out of bounds in the field of play: Last Touched by Team A - 1.2D – possession retained by A, downs continue unless the required distance is gained. The point of next down is 24 yards (22 metres) in from the sideline, at the point of last touching by A, or the point where the ball went out of bounds, whichever is closer to the A goal line. 3D – possession awarded to Team B, unless the required distance is gained, 24 yards (22 metres) in from the sideline at the point of last touching by A, or the point where the ball went out of bounds, whichever is closer to the A goal line."
39,Rule 5,Section 3,Article 3,"Last touched by Team B - 1.2.3D – possession awarded to Team B 1st down, 24 yards (22 metres) in from the sideline at the point of last touching by B, or at the point where the ball went out of bounds, whichever is closer to the B goal line."
39,Rule 5,Section 3,Article 4 – Blocked Through End Zone,"a) When a kick is blocked and the ball goes dead in A possession in the end zone or is last touched by A before going out of bounds, even if the ball is touched (not directed) by a B player on the field of play into the end zone. 2 points (safety touch) to B b) When a kick is blocked on the field of play, and after being blocked, is directed (not kicked) into the end zone from the field of play by a B player, and: 1) Goes dead in A possession in the end zone, or is touched last by an A player in the end zone before the ball goes out of bounds in the end zone 1.2, 3D – A 1D at the 20-yard line (no score). 2) Goes out of bounds in the end zone, without again being touched. 1.2.3D – B 1D at the point where B last touched the ball on the field of play. c) When a return kick by Team B is blocked by Team A in the B end zone, and the ball goes dead in the B end zone, in B possession, or goes out of bounds in the B end zone, either directly or after being touched by A or B, a score of 1 or 2 points as appropriate is awarded to Team A."
39,Rule 5,Section 3,Article 5 – Pyramiding,A player may not use the body of another player anywhere in bounds in any way to gain or maintain elevation on any play. A player cannot elevate a teammate in any way on any play. Penalty: L5 PLS.
39,Rule 5,"Section 4: Kick From Scrimmage and Return Kick (Punt, Place or Drop Kick)",,"In the application of this section, the benefit of any doubt shall be given to the receiver."
39,Rule 5,"Section 4: Kick From Scrimmage and Return Kick (Punt, Place or Drop Kick)",Article 1 – Offside beyond Line of Scrimmage (Restraining Zone Foul),"This article does not apply to a dribbled ball, or to a kick which does not cross the LS. When on a kick from scrimmage (ball crosses the line of scrimmage), return kick or on an open-field kick, a player is offside in relation to the kicker, such player: a) shall not touch or be touched by the ball. Penalty: – in field of play – L15 from PBT (point ball touched) – in goal area – L15, penalty applied at 10-yard line b) shall allow 5 yards to an opponent attempting to gain possession of the kicked ball. The five-yard zone is determined by a circle with a five yard radius, with the centre point being the ball at the instant it is first touched. Penalty: – in field of play – L15 from PBT – in goal area – L15, penalty applied at 10-yard line If the ball strikes the ground before being touched by the receiving team: Penalty: – in field of play – L5 PBT or PBD – in goal area – L5 penalty applied at 10-yard line or PBD.. c) If the kicking team player is making no effort to withdraw from the 5 yard zone, and is hovering over the ball or the receiving team player about to take possession of the ball: Penalty: – L15 will apply at normal point of application regardless whether the ball bounced. d) If the kicking team player interferes with a receiving team player attempting to gain possession of the kicked ball, with or without contact: Penalty: – L15 from the normal point of application A player of the kicking team who invades the five-yard zone, and contacts a receiving team player, who is attempting to play the ball in an unnecessarily rough manner, will be subject to an additional 15 or 25 yard penalty, regardless of whether the ball had struck the ground."
40,Rule 5,Section 4,Article 1,"Note: For players at levels of football lower than college or junior, league executives may wish to reduce the severity of the above penalty to 10 yards (10 metres). A penalty in the opponent’s end zone may be awarded at the 10 yard (10 metre) line. Field officials should be notified in writing of any such variations in order to maintain consistency for the teams."
40,Rule 5,Section 4,Article 2 – Miscellaneous,"a) A scrimmage kick which travels only a short distance across the line of scrimmage, or a return kick (not including a dribbled ball) which is short, and thereby prevents players of the kicker’s team from giving the required distance, shall be whistled dead as soon as the ball touches a player or the ground, with possession awarded to the receiving team. In obvious situations where the kick will clearly fall short into a group of players, the play may be whistled dead as soon as the ball begins to descend. No distance penalty will be assessed, but if the ball is whistled dead in this manner on the final play of a half, the receiving team shall be entitled to 1 play from scrimmage if they so elect. b) The ball should NOT be whistled dead on any such short kick, if it is dropping into the end zone. A scrimmage kick from the end zone, which does not leave the end zone, shall not be whistled dead. A return kick from the end zone, which does not leave the end zone, shall not be whistled dead, and the non-offending team shall be awarded a score if a restraining zone foul is committed. In either case, the receiving team may recover the ball in the end zone for a touchdown. Penalty: Option to non-offending team of: Score – Scrimmage Kick – 2 points. – Return Kick – 1 point. OR Possession – 1D at 10 yard (10 metre) line. c) An offside player who is within the restraining zone and contacts the receiver before he/she touches the ball, shall be penalized for UR or RP in addition to the restraining zone foul, unless in the opinion of the official, the contact was incidental and unavoidable. d) The kicker or onside player may be the first player to legally enter the restraining zone to recover the ball. No contact shall be made with the opposing receiver, except in a legitimate attempt to recover the ball, and all other contact by the kicker or onside player is illegal. Penalty: Ball awarded 1st down at PF. e) If, under this article, the ball is motionless on the ground, and the receiver feints as if to pick up the ball. i) The receiver may be tackled without penalty. ii) If the receiver touches the ball first, whoever recovers the ball shall retain possession. iii) If an offside player touches the ball first, possession awarded to the receiving team at that point, with no distance penalty. iv) If an onside player touches the ball first, whoever recovers the ball shall retain possession f ) If a scrimmage kick is in the end zone, and before it is touched by an opponent, a player of the kicking team illegally recovers or touches the ball without attempting to allow an opponent to recover it, the restraining zone violation shall be called, but the penalty will be: i) no score. ii) opponent’s ball, 1D at the 35, or at the PLS if the ball entered the end zone as a result of a missed field goal, where the PLS was outside the 35. g) On any kick from scrimmage (which excludes kickoffs) where the ball enters the end zone, the receiving team being able to successfully advance the ball legally out of the end zone and retain possession without returning the ball into the end zone, may choose to scrimmage at their own 20 yard (20 metre) line on or between the hash marks or where the ball becomes dead. Note: When the ball has been legally advanced out of the end zone, the point ball held will be classed the B 20 yard (20 metre) line until the ball is carried beyond the B20, for any penalties to be applied at PBH. h) On any kick from scrimmage, where the ball does not cross the line of scrimmage and is not the result of being blocked, rule the same as for a dribbled ball"
41,Rule 5,Section 4,Article 3,"Article 3 – Goal Post Assembly A kicked ball which strikes the opponent’s goal post assembly in flight shall be dead immediately and awarded to the receiving team; 1st down, at any point on or between the hash marks on its 20 yard (20 metre) line. A kicked ball which strikes the opponent’s goal post assembly after striking the ground, a player, or an official, or a kicked ball which strikes the kicking team’s goal post assembly shall remain in play."
41,Rule 5,Section 4,Article 4,"Article 4 – Field Goal On a field goal or convert attempt, if the ball strikes the goal post assembly, but still goes over the crossbar and between the uprights, the score shall count. If it does not score, the ball shall be put into play: a) after Missed Field Goal – at any point between the hash marks on the 20 yard (20 metre) line. b) after Missed Convert – normal kick off."
41,Rule 5,Section 5: Interference On Kick from Scrimmage or Return Kick,,Section 5: Interference On Kick from Scrimmage or Return Kick (CB23)
41,Rule 5,Section 5: Interference On Kick from Scrimmage or Return Kick,Article 1,"Article 1 – Receiving Team – Scrimmage Kick a) Players of the receiving team may interfere with any player of the kicking team who has crossed the line of scrimmage, provided that the initial contact is made at or above the waist. Such interference will be legal from the time the ball is snapped, until it is declared dead. Penalty: 1. Before A loses possession – apply penalty at PLS. – apply Unnecessary Roughness or Rough Play at the PLS, Point of Possession, or PBD, at option of non-offending team. 2. Ball in flight – apply penalty at Point of Possession. – apply Unnecessary Roughness or Rough Play at Point of Possession or PBD (Note 1). 3. After possession gained – apply penalty at PBH (Note 4). – apply Unnecessary Roughness or Rough Play at PBH or PBD. Note 1: Exception to item 2: Unnecessary Roughness or Rough Play against the kicker may be applied at the PP, PBD, or at the PLS, at the option of Team A. Interference with the kicker behind the neutral zone will be applied at the PP, and is not additive to any other penalty except those in Rule 8, Section 1, Article 4b. Contacting the kicker shall be applied at the PLS. Note 2: If possession is gained in the end zone, the penalty shall be applied from the 10 yard (10 metre) line or from PBD or PLS if applicable (see article 5). Note 3: If a kicked ball lands and is loose in the end zone before possession is gained by B, and a B foul occurs in the end zone, Team A shall be awarded a rouge (1 point) or option. Note 4: As soon as the ball is touched by the receiving team, the line of scrimmage and the neutral zone lose any significance with respect to the interference rules. Note 5: If the foul occurs in the end zone, with the PBH in the end zone, Team A shall be awarded a rouge or a safety touch (1 or 2 points), as applicable or option. b) The kicker shall not be interfered with behind the neutral zone, until the receiving team has touched the ball. Exception: On a quick kick, the kicker does not receive this protection. Penalty: 1.2.3D – L10 PP."
42,Rule 5,Section 5,Article 2,Kicking
42,Rule 5,Section 5,Article 2,"Article 2 – Receiving Team – Return Kick Players of the team receiving a return kick may interfere with any opponent, including the kicker, from the time the ball is kicked, provided that the initial contact is made at or above the waist, until the ball is declared dead. Penalty: 1. Ball in flight – apply penalty at Point of Possession. – apply Unnecessary Roughness or Rough Play at Point of Possession, or PBD. Note: If the PP is in the end zone, the penalty will be applied from the 10 yard (10 metre) line or PBD if applicable. 2. After possession gained – apply penalty at PBH. – apply Unnecessary Roughness or Rough Play at PBH or PBD. Note 1: If the PBH is in the end zone, the penalty shall be applied from the 10 yard (10 metre) line or PBD if applicable (see Article 5). Note 2: If the foul occurs in the end zone, with the PBH in the end zone, the non-offending team shall be awarded a rouge or safety touch (1 or 2 points) as applicable, or option. Note 3: If a kicked ball lands and is loose in the end zone before possession is gained, and a foul occurs in the end zone, the non-offending team shall be awarded a rouge (1 point) or option."
42,Rule 5,Section 5,Article 3,"Article 3 – Kicking Team Players of the kicking team may block any opponent up to the limit of the neutral zone, may use their hands and arms to ward off blockers interfering with their approach to the ball carrier, while proceeding downfield, and may use their bodies in blocking against players protecting the ball carrier provided that the initial contact is made at or above the waist. Any other interference is illegal. Penalty: Ball in possession of A – L10 PLS DR. Ball in flight – L10 PP. Ball in possession of B – L10 PBH. Note: If the point of application is the PP or PBH, and these points are in the B end zone, the point of application shall be from the B 10 yard (10 metre) line (see article 5)."
42,Rule 5,Section 5,Article 4,"Article 4 – Recovery of Kick If the kicker or onside player legally recovers the kick, all players of that team may legally interfere with the opponents after such recovery, provided that the initial contact is at or above the waist."
42,Rule 5,Section 5,Article 5,"Article 5 – Point of Scrimmage In the above articles, when a penalty is applied from the 10 yard (10 metre) line, Team A may scrimmage the ball at any point on or between the hash marks, on the line where the ball is placed after the penalty application."
42,Rule 5,Section 6,,"Section 6: Dribbled Ball A Dribbled ball occurs by kicking the ball when it is loose (not in possession of any player) a) A dribbled ball may be touched by the kicker or any onside player without penalty. b) A dribbled ball touched by the opponent makes all offside players onside. c) If a dribbled ball is touched by an offside player: Penalty: Award ball to the opponent at point of touch, or option. If touch is in the opponent’s Goal Area: Penalty: Award ball to opponent at their 20 yard (20 metre) line, or option. If touch is in own Goal area: Penalty: Accept a score of 1 or 2 points as applicable, or take possession of the ball as 1st down at the PLS or 10 yard (10 metre line whichever is closer to the opponent’s goal line. Note: If the touching by an offside player occurs on the last play of a half, the opponent may elect to extend the period for an additional play, from point of touch. Note: A ball dribbled by Team A across the line of scrimmage does not interrupt the continuity of downs. Note: A dribbled ball that strikes a goal post shall remain in play."
42,Rule 6,,,Passing
42,Rule 6,Section 1,,Passing
43,Rule 6,Section 1,Lateral or Onside Pass,"A lateral or onside pass is one thrown, handed, knocked, batted, or fumbled by a player parallel to or in the direction of their own deadline. The point of termination is that point at which the ball is caught, strikes another player, an official, or the ground, or goes out of bounds, and it is the factor which determines whether it is a lateral pass, regardless of the direction in which it goes afterwards. A lateral pass striking the ground is not dead, and may be recovered legally by either team. When a lateral pass goes out of bounds, without being touched by a player after the pass is made, the ball shall be put into play at the hash mark at the out of bounds point, or at the point of origin of the pass, whichever is closer to the dead line of the team entitled to possession."
43,Rule 6,Section 2,Hand Off Pass,"A Hand Off Pass is made on a scrimmage play, when the ball is handed in any direction but not thrown, by one Team A player to another, behind the line of scrimmage. The player receiving the pass must not at that point be occupying the position of a lineman. There are no restrictions on the number of hand off passes on any one play. A hand off pass in a forward direction is illegal following a completed Forward Pass."
43,Rule 6,Section 3,Article 1 – Definition,"An offside pass is made when the ball is directed in any manner other than being kicked, in the direction of the opponent’s dead line."
43,Rule 6,Section 3,Article 2 – Illegal Recovery,A Team making an offside pass shall not be permitted to advance the ball or retain possession beyond the point of origin of the pass. Penalty: Next scrimmage at point of origin of pass or option Exceptions: Handoff pass behind the line of scrimmage Forward Pass
43,Rule 6,Section 3,Article 3 – General Occurrence of Offside Pass,"An offside pass generally occurs in the following situations: 1) on a scrimmage play, a Team A player makes an offside pass after he/she has crossed the line of scrimmage. 2) after a change of possession (e.g. punt runback, fumble recovery, intercepted pass) a player makes an offside pass. 3) in attempting to complete a forward pass, a Team A eligible receiver tips, deflects, knocks, or bats the ball in an offside direction where it is caught by a Team A ineligible receiver. Penalty: Next scrimmage at point of origin of offside pass, and downs continue, unless the required distance has been gained at that point."
43,Rule 6,Section 3,Article 4 – Legal Situations,"An offside pass does NOT occur in the following situations: 1) on a scrimmage play, before the ball has crossed the line of scrimmage, a Team A player throws an offside pass – rule as a forward pass. 2) in attempting to complete a forward pass, Team A eligible receiver tips, deflects, knocks, or bats the ball in an offside direction, where it is caught by another Team A eligible receiver. 3) in attempting to intercept a forward pass, a Team B player tips, deflects, knocks or bats the ball in an offside direction where it is caught by another Team B player."
44,Rule 6,Section 3,Article 4,"4) on a scrimmage play, Team A passer crosses the line of scrimmage and throws what is obviously intended to be a forward pass, in the opinion of the Referee; this shall be ruled as an illegal forward pass. Penalty: 1, 2, 3D – L10 DR Convert – L10 DR 5) on a ball fumbled forward by a ball carrier, or a player attempting to catch a kicked ball. or by a player attempting to intercept a lateral pass. 6) on a kick which is blocked"
44,Rule 6,Section 3,Article 5 – Fumbled to Out of Bounds,"When the ball is fumbled forward from the field of play directly to out-of-bounds, the ball shall be scrimmaged at the point of origin of the fumble and downs continue, unless the required distance is gained at that point. This applies whether the out-of-bounds spot is in the field of play, or the end zone."
44,Rule 6,Section 3,Article 6 – Fumbled into End Zone,"A ball fumbled forward by Team A into the Team B end zone, which is recovered by Team B, shall be ruled as an intercepted forward pass (Rule 6, Section 4, Article 11 (a))."
44,Rule 6,Section 3,Article 7 – Thrown Forward,"A ball which is thrown in an offside direction may not be recovered legally by the throwing team, unless it meets the requirements of a Forward Pass (Rule 6, Section 4, Article 1). The ball may be recovered legally by the defending team. Penalty: Next scrimmage at point of origin of offside pass, and downs continue, unless the required distance is gained at that point."
44,Rule 6,Section 3,Article 8 – Offside Pass from the End Zone,"1) If Team A makes an offside pass in its own end zone, and retains possession, Team B shall be awarded 2 points or option. 2) If Team B makes an offside pass in its own end zone and retains possession: a) After receiving a Team A kick, Team A shall be awarded 1 point or option. b) While intercepting or after intercepting a Team A forward pass, Team B shall scrimmage at any point on or between the hash marks on its own 20 yard (20 metre) line, or at PBD (Team A option). No score. 3) If the ball is fumbled by Team A from the end zone to out of bounds in the field of play without touching an opponent: 1.2D – Team B has choice of 2 options: 1. 2 points for safety touch. 2. Allow A to scrimmage on the hash mark at the out of bounds spot, downs continue. 3D – Team B has the choice of 2 options: 1. 2 points for safety touch. 2. 1st Down for B on the hash mark at the out of bounds spot. Note: A fumble from the end zone to out of bounds in the field of play, when the ball does not touch an opponent, is an offside pass in the end zone, since the point of termination is closer to the opponent’s dead line than the point of the pass."
44,Rule 6,Section 4: Forward Pass,Article 1 – Definition,"A forward pass is one which is thrown by any Team A player from behind the line of scrimmage toward the Team B dead line, to any eligible receiver. The ball shall not touch the ground, goal post assembly, an official, or go out of bounds. A forward pass is illegal after a change of possession by either team. A forward pass thrown to an eligible receiver behind the line of scrimmage is a screen pass. If Team B gains possession from a fumble, blocked kick, etc., and subsequently loses possession again to Team A, a forward pass by either team is illegal. The ball is considered to be in the possession of Team A until the pass is ruled complete or incomplete, or the ball becomes dead, or it is caught by Team B."
45,Rule 6,Section 4,Article 2,Article 2 – Number of Forward Passes A forward pass shall be thrown once only on each down. A second forward pass on the same down shall be penalized. Penalty: 1.2.3D – L10 DR Convert – L10 DR
45,Rule 6,Section 4,Article 3,Article 3 – Passer The pass may be thrown by any Team A player who is behind the line of scrimmage when they throw the ball. The passer need not be the first player to receive the ball from the centre.
45,Rule 6,Section 4,Article 4,"Article 4 – Eligible Receivers The following players are eligible receivers: a) The player at each end of the scrimmage line at the snap, wearing numbers 0-49 or 80-99 b) Players clearly back of the scrimmage line at the snap, wearing numbers 0-49 or 80-99 c) A Team A player wearing numbers 0-49 or 80-99 who is in forward motion from a backfield position and within one yard of the line of scrimmage when the ball is snapped. d) All players of Team B, whether or not the pass is legally thrown. e) All players of Team A, if the ball is touched by a B player."
45,Rule 6,Section 4,Article 5,"Article 5 – Ineligible Receivers Players of Team A wearing numbers 50-79 are ineligible receivers, regardless of what position they take in the line or behind the line. Exception, unless declared as eligible as indicated by rule 4-3-1 a) An ineligible receiver shall not be the first player of Team A to catch the ball or touch the ball in an attempt to catch it, before the ball has been touched by any eligible receiver. Penalty: 1.2D – L10 DR, 3D DG – L10 DR, DNG – LB PLS or PBD. b) Ineligible receivers shall not go downfield beyond the neutral zone, unless they make contact with an opponent in the neutral zone and maintain this contact as they move downfield. However, should such player lose contact and no longer take part in the play, that player shall not be penalized. c) If an ineligible receiver is downfield on a kick from scrimmage situation that breaks down, becoming a pass play, and if that player no longer takes part in the play, they shall not be penalized. Penalty: 1.2.3D – L10 PLS DR. d) All Team A players may block downfield prior to the ball being caught on passes on or behind the line of scrimmage."
45,Rule 6,Section 4,Article 6,"Article 6 – Completed Forward Pass A player is inbounds if one foot is touching the ground inbounds, and neither the player nor the other foot is out of bounds, even though that foot may step out of bounds after possession is gained; or if a player is in the air, at least one foot comes down inbounds, before the player touches out of bounds (subject to item (d) of this article). A forward pass is complete if it is caught inbounds as follows: a) When caught by a Team A eligible receiver, or simultaneously by two or more Team A eligible receivers. b) When caught by a Team B player, or simultaneously by two or more Team B players. c) When caught simultaneously by eligible receivers of both teams, the ball shall be awarded to Team A, even if it has been touched previously by Team B. d) When an eligible receiver tips the ball in an offside direction, and it is caught by an ineligible receiver, the forward pass is ruled complete at the point where the ball was tipped in the offside direction. e) A forward pass shall not be ruled as “completed” until the player, after catching the ball, maintains complete and continuous control of the ball throughout the process of contacting the ground, whether in the field of play, end zone or out-of-bounds."
46,Rule 6,Section 4,Article 7,"A forward pass is incomplete as follows: a) When the ball touches the ground, goal post assembly, an official, a corner marker, Downsbox marker or yardstick assembly or goes out of bounds, even if previously touched by a player. b) When an eligible receiver catches a pass while off the ground, inbounds, and lands on or outside a boundary line, with or without being contacted by an opponent."
46,Rule 6,Section 4,Article 8,"Intentional Grounding If Team A passer deliberately throws a forward pass that lands behind the line of scrimmage or Out of Bounds behind the line of scrimmage and to an area in which there is no eligible Team A receiver, to avoid a loss of yards, the team shall be penalized. However, the team shall not be penalized if the passer throws the ball across the line of scrimmage to an open area or Out of Bounds. Penalty: Loss of Down at point from which pass was thrown. If the pass was thrown from the Goal Area, a safety touch score shall be awarded to Team B, subject to the right of Team B to decline the score and accept the play as it terminated."
46,Rule 6,Section 4,Article 9,"Interference a) Team A-Prior to a forward pass being thrown across the line of scrimmage, a Team A player may not initiate contact with or block a Team B player more than 1 yard in advance of the line of scrimmage, until the pass has been touched by an eligible receiver. “illegal block -Blocking Downfield”. A Team A player may not interfere with a Team B player who is about to intercept the forward pass. However, Team A players who are carrying out normal blocking tactics to protect the passer shall not be penalized for interference against a Team B player who is about to intercept the pass, if the Team A players are unaware that such an interception is imminent (see 6-4-10, note 2). After the pass has been touched by an eligible receiver, all A players may legally interfere anywhere within bounds. Team A ineligible receivers who make contact in the neutral zone may maintain this contact beyond the neutral zone, (subject to 6-4-5-b-c)) otherwise they may not proceed downfield until the ball is thrown. (Exception 6.4.5d) b) Team B – Team B players may interfere with Team A players in the neutral zone, and with any Team A player behind the neutral zone who is protecting the passer. Team B players occupying positions behind their line may use their hands and arms to defend their position, stationary or in motion, against a Team A player who, as a potential blocker, threatens their defensive position, until the pass has been thrown. While the ball is in the air, no contact is permissible except as described in (c) following. These Team B players shall not interfere with a potential pass receiver who is not threatening their defensive positions. It is illegal to pursue and contact an eligible pass receiver before the ball has been touched by an eligible receiver. After the ball has been touched by an eligible receiver, players of either team may interfere legally. Team B players, after B has intercepted a pass, may interfere with Team A players anywhere within bounds, provided that the initial contact is made at or above the waist. c) Contact between two opponents is legal, provided such contact results from a simultaneous and bonafide attempt to play the ball, which occurs at the spot of possible completion of a pass, where each player is intent on playing the ball, where such contact is unavoidable and incidental to the effort involved in attempting to catch or bat the ball, and where each player is in an equally favourable position to play the ball. A player, who is not looking at, or for, the ball, cannot be considered to be playing the ball. A player cannot drive «through» an opponent to reach the ball. Even if this player reaches the ball, such prior contact is illegal. Defensive players have equal right to the path of the ball as eligible A receivers. Inadvertent tripping by a player with equal position shall not be ruled as interference d) Screening – Waving the hands or arms or «face guarding» in close proximity to an eligible pass receiver is illegal interference"
47,Rule 6,Section 4,Article 10,"Article 10 – Illegal Interference Penalties a) Illegal interference is interference with an eligible receiver in the target area, or interference which prevented an eligible receiver from reaching the target area, when there is a reasonable expectation that the receiver would have had the opportunity to attempt to complete the pass. Note 1: Pass interference shall not be penalized if, in the judgment of the official, the ball is clearly uncatchable. Note 2: Pass interference behind the line of scrimmage must be interference against a player to whom the ball is thrown, or a player who is attempting to catch the pass. Note 3: Pass interference occurs only after the ball has been thrown. Penalty: 1. By Team A – 1.2.3D – L15DR 2. By Team B a) Behind the line of scrimmage – 1D at PLS b) Across the line of scrimmage – 1D at PF if less than 15 yards (15 metres) in advance of the PLS – 1D plus 15 from the PLS, if the PF is more than 15 yards (15 metres) in advance of the PLS 3. Convert Foul by Team A – option to Team B a) Successful attempt – L15 PLS, repeat convert, OR – Repeat convert at PLS. Apply penalty – L15 on kick off b) Unsuccessful Attempt – Apply penalty – L15 on kick off Foul by Team B – option to Team A a) Successful attempt – Accept score. Apply penalty – L15 on kick off b) Unsuccessful attempt – Repeat convert at B1 yard (1 metre) line, or 15 yds in advance of P.L.S., whichever is further from Team B goal line. OR – Repeat convert at PLS. Apply penalty – L15 on kick off Note 1: The normal restrictions near the goal line do not apply to Illegal Interference on a Forward Pass, and the full amount of the yardage shall be applied. The 15 yard (15 metre) penalty applied from the 16 yard (16 metre) line, or between the 16 yard (16 metre) line and the 1 yard (1 metre) line, will place the ball on the 1 yard (1 metre) line. Note 2: The non-offending team may decline the penalty to allow the down to be used, and the ball returned to the PLS, if the pass is incomplete. Exception: If a pass receiver who would normally be considered eligible either by number or by reporting to the Referee is made ineligible by position, and the defensive team interferes with the receiver’s attempt to catch the ball on a forward pass, then both teams are subject to penalty, whether the Team A player touches the ball in an attempt to catch it or not. The foul for Team A Ineligible Receiver will be deemed to be the first foul for purposes of adjudicating the Dual Foul rule. b) Illegal Contact with an Eligible Receiver When there is an obvious passing situation, a Team B player may not create or initiate contact that redirects, restricts, or impedes the Team A receiver in any way except as stated in Art. 9. Even if the ball is not thrown, such illegal contact will still be penalized: Penalty: 1.2.3D L10 PLS"
48,Rule 6,Section 4,Article 11,"Article 11 \u2013 Interception in the End Zone a) A ball fumbled forward by A into the Team B end zone, which is recovered by B, shall be ruled as an intercepted pass. b) If a player intercepts a forward pass in the field of play while moving toward their team\u2019s goal line, and in the judgment of the official, this momentum carries that player into the end zone, possession is deemed to have been gained in the end zone. c) When Team B intercepts a pass in the end zone: 1. Team B players may interfere anywhere within bounds in the attempt to advance the ball, provided the initial contact is made at or above the waist. If B fumbles the ball in this attempt, Team A may recover the ball legally. If Team A does not recover the fumbled ball, but only touches it, and it then goes out of bounds in the end zone, the last touching by A has no effect, and Team B will scrimmage at any point between the hash marks on B 20 yard (2 0 metre) line, with no score. 2. If the ball goes dead in possession of B in the end zone, there is no score. B shall scrimmage at any point between the hash marks on the B 20 yard (20 metre) line. 3. If Team B commits a foul in the end zone, or the field of play, while the ball is in the end zone, the penalty shall be applied from the 20 yard (20 metre) line or option. 4. If Team A commits a foul in the end zone, or field of play, while the ball is in the end zone, the penalty shall be applied from the 20 yard (20 metre) line Team B may request the ball be placed at any point on or between the hash marks. 5. If the foul in 3 or 4 above is Unnecessary Roughness, Rough Play, Objectionable Conduct, or No Mouthguard, the penalty shall be applied from the 20 yard (20 metre) line, or from the PBD at option of the non-offending team."
48,Rule 6,Section 4,Article 12,"Article 12 \u2013 Miscellaneous a) Fumble \u2013 It is not a forward pass if the ball is clearly fumbled or batted in an offside direction from behind the line of scrimmage. b) Pass or Fumble \u2013 The passing motion begins when the passer has possession of the ball and starts a forward motion with the passing arm. If the passer is contacted after starting the passing motion, and the ball is dropped to the ground, it shall be ruled as an incomplete pass. If the passer is contacted before starting passing motion, and the ball is dropped to the ground, it shall be ruled as a fumble. c) Broken Play \u2013 When a play starts as an obvious running play, and the ball carrier elects to throw a forward pass, all rulings applicable to a forward pass play shall apply \u2013 e.g. ineligible receivers may not proceed downfield before the ball is thrown, forward pass interference restrictions apply, etc. (Exception 6.4.5 d)"
48,Rule 7,Fouls and Penalties,,Rule 7 Fouls and Penalties
48,Rule 7,Section 1,Article 1,Rule 7 \u2014 Fouls and Penalties (Covering Cases not specifically covered previously)
49,Rule 7,Section 1,Article 1,Fouls and Penalties (Covering Cases not specifically covered previously)
49,Rule 7,Section 1,Article 1,"Holding is defined as the use of the hands and/or arms to grasp or encircle an opponent, except when a player tackles the ball carrier, and is illegal if the hold has an impact on the play. Penalty: Team A – 1.2D – L10 DR, 3D DG – L10 DR, 3D DNG – LB PBD. Team B – DG – L10 PBH, DNG – L10 PLS. Note: The use of hands and arms is permitted: a) By the ball carrier to ward off an opponent. b) By a blocker, as outlined in Rule 4, Section 5, Article 1 (e). c) By a defender to reach the ball carrier, but the hands may not be used to grasp any opponent except the ball carrier. d) By a player of the kicking team to ward off a blocker preventing their approach to the ball carrier after a kick or kick off."
49,Rule 7,Section 1,Article 2,"Blocking an opponent by pushing him/her from the rear with extended arms or bumping him/her above the waist from behind is illegal, and is defined as illegal use of hands. Penalty: Team A – 1.2D – L10 DR, 3D DG – L10 DR, 3D DNG – LB PBD. Team B – DG-L10 PBH, DNG -L10 PLS."
49,Rule 7,Section 1,Article 3,"Tripping is the intentional use of the lower leg or foot to obstruct any opponent below the knee. Penalty: Team A – 1.2D – L10 DR, 3D DG – L10 DR, 3D DNG – LB PBD. Team B – DG-L10PBH, DNG-L10PLS."
49,Rule 7,Section 1,Article 4,"Contacting the kicker, while in the act of kicking, is illegal, unless the contact is slight and incidental, subject to the following: a) The act of kicking begins when the kicking foot leaves the ground, and ends when the foot returns to the ground (or a player lying on the ground) after kicking or attempting to kick the ball. Should the kicker momentarily fumble the ball, and remains in the normal kicking spot, protection will be given. If the kicker leaves this spot or makes any motion to pass the ball, the kicker shall be considered as a ball carrier, under this rule and under rule 5-5-1-b. b) This article does not apply to a «quick kick» or «return» kick. c) A player shall not be penalized if they block or touch the ball prior to contacting the kicker, or if contact by a Team A blocker causes contact with the kicker, or if a B player contacts an A player in such a way as to drive the player into the kicker. Penalty: L10 PLS"
49,Rule 7,Section 1,Article 5,"The use of tactics to deceive opponents such as the alleged need for equipment such as a tee, mouthguard etc; or the pretence of calling players toward the bench as if a time out had been called, is illegal. Penalty: 1.2D-L5 DR, 3D DG-L5 DR, 3D DNG – LB PBD."
49,Rule 7,Section 2,Article 1,"The following acts are defined and classified as Rough Play, and are illegal: The deliberate charging of a kicker, passer, or receiver of a kick or pass in such a way as to cause calculated injury."
50,Rule 7,Section 2,Article 1,"The deliberate charging of a kicker, passer, or receiver of a kick or pass in such a way as to cause calculated injury."
50,Rule 7,Section 2,Article 2,"The striking of an opponent with the fist, heel of the hand, knee or elbow, or kicking an opponent."
50,Rule 7,Section 2,Article 3,"Head leading blocking, head leading tackling or spearing, if done deliberately in such a way as to cause calculated injury may be penalized under this section"
50,Rule 7,Section 2,Article 4,"Grasping the helmet as covered in Section 3, Article 5, may be penalized under this section, if in the opinion of the Official it was a deliberate attempt to injure an opponent."
50,Rule 7,Section 2,Article 5,"Any other act of roughness or unfair play considered by the Referee to warrant disqualification may be penalized under this section. Penalty: Articles 1 to 6. Disqualification of the offending player, and L25 from the appropriate point as covered in Rule 8, Section 5. If the official is unable to identify the offender, the distance penalty only shall be applied. Automatic 1D to Team A for Team B Rough Play. If both teams offend, the players involved shall be disqualified but no distance penalty shall be applied. Play shall be resumed at the appropriate point as outlined in Dual Penalties. Rule 8, Section 6."
50,Rule 7,Section 2,Article 6,"No player shall target and make forcible contact to the head or neck area of an opponent with the helmet, forearm, hand, fist, elbow or shoulder. This foul requires that there be at least one indicator of targeting (See Note below). When in question, it is a foul. Note “Targeting” means that a player takes aim at an opponent for purposes of attacking with forcible contact that goes beyond making a legal tackle or a legal block or playing the ball. Some indicators of targeting include but are not limited to: 1) Launch – a player leaving their feet to attack an opponent by an upward and forward thrust of the body to make forcible contact in the head or neck area 2) A crouch followed by an upward and forward thrust to attack with forcible contact at the head or neck area, even though one or both feet are still on the ground 3) Leading with helmet, shoulder, forearm, fist, hand or elbow to attack with forcible contact at the head or neck area 4) Lowering the head before attacking by initiating forcible contact with the crown of the helmet. Penalty: L25 Player Disqualified from game. Levels U14 and below the player will received a warning for first offense."
50,Rule 7,Section 2,Article 7,"A player shall be disqualified from further participation in the game, with substitution permitted, if: a) the player has been called for Rough play b) the player has been called for physical abuse of an official The disqualification penalty cannot be declined by the non-offending team"
50,Rule 7,Section 3,,"Any act of unnecessary roughness or unfair play that is not considered serious enough to disqualify, shall be penalized under this section. The following acts are defined, and classified as Unnecessary Roughness, and are illegal. After a player has received a third Unnecessary Roughness penalty that player will be disqualified from the game, with only the 15-yard UR penalty being applied."
50,Rule 7,Section 3,Article 1,"Piling on occurs when a player runs into, throws their body against, or falls upon a ball carrier, after the play has been terminated by the official’s whistle, or even before the whistle, where the ball is clearly dead (Rule 1, Section 8, Article 1h). Tackling a player who is clearly out of bounds or throwing the ball carrier to the ground after the ball is dead, is illegal."
51,Rule 7,Section 3,Article 1,"Fouls and Penalties

When a player in possession of the ball is giving up by sliding, all unnecessary contact must be avoided.
              The slide must be done in a timely manner to allow defense to avoid such contact.
              These fouls are considered to be committed after the ball is dead (Rule 8, Section 5, Article 11)."
51,Rule 7,Section 3,Article 1,"Piling on occurs when a player runs into, throws their body against, or falls upon a ball carrier, after the play has been terminated by the official’s whistle, or even before the whistle, where the ball is clearly dead (Rule 1, Section 8, Article 1h). Tackling a player who is clearly out of bounds or throwing the ball carrier to the ground after the ball is dead, is illegal."
51,Rule 7,Section 3,Article 2,"Passer
              Because the act of passing puts the passer in a particularly vulnerable position to injury, special rules
              against roughing the passer apply. A player shall be penalized for any act of Unnecessary Roughness to
              the passer, including but not limited to:
              a) A defender is prohibited from forcibly hitting in the knee area or below a passer who has one or
                    both feet planted on the ground, even if the initial contact is above the knee. It is not a foul if the
                    defender is blocked (or fouled) into the passer and has no opportunity to avoid the contact;
              Note 1: A defender cannot initiate a roll or lunge and forcibly hit the passer in the knee area or below,
              even if being contacted by another player.
              Note 2: It is not a foul if the defender swipes, wraps, or grabs a passer in the knee area or below in an
              attempt to tackle him/her.
              b) A defender is prohibited from committing such intimidating and punishing acts as stuffing a
                    passer to the ground or unnecessarily wrestling or driving him/her down after the passer has
                    thrown the ball, even if the rusher makes initial contact with the passer, a defensive player must
                    not unnecessarily or violently throw him/her down and land on top of him/her with all or most
                    of the defender’s weight. Instead, the defensive player must strive to wrap up the passer with the
                    defensive player’s arms.
              c) A defender is prohibited from using the helmet and/or facemask to hit the passer, or use hands,
                    arms, or other parts of the body forcibly in the head or neck area."
51,Rule 7,Section 3,Article 3,"Kicker
              Unnecessary roughness against a punter, or field goal kicker is illegal. Any excessively rough contact
              on the Kicker or Punter shall be ruled as Unnecessary Roughness regardless of where the contact is. If a
              player touches the ball prior to contacting the kicker’s plant leg they can still be called for Roughing the
              Kicker."
51,Rule 7,Section 3,Article 4,"Place Kick Holder
              The holder of a place kick for a field goal or convert attempt shall be given the same protection as a
              kicker."
51,Rule 7,Section 3,Article 5,"Face Mask / Helmet
              It shall be illegal to grasp the helmet of an opponent by closing the fingers on the face mask, chin strap
              and other helmet opening (ear holes)."
51,Rule 7,Section 3,Article 6,"Head Tackling, Clotheslining
              It shall be illegal to tackle around the head, in the open field, or straight arm tackle to the head,
              commonly referred to as «clotheslining»."
51,Rule 7,Section 3,Article 7,"Spearing
              Spearing is driving of the helmet into a player who is down, or is held so to be going down, or whose
              forward progress has been stopped, or who is in a position unable to protect themselves. A player shall
              be called for Spearing even if committing before the ball is dead, if using the head and helmet as the
              primary or main point of force."
51,Rule 7,Section 3,Article 8,"Head Leading Block or Tackle
              a) Head Leading Block – no player, including the ball carrier, shall use the helmet to butt or ram an
                    opponent.
              b) Head Leading Tackle – no player shall strike the runner with the crown or top of the helmet."
51,Rule 7,Section 3,Article 9,"Use of Hands and Arms
              The illegal use of hands and arms shall be ruled as unnecessary roughness if contact is made with the fist,
              heel of the hand, or elbow, if the blocking arm is cocked by swinging back of the body line prior to contact,
              or if the blocking arm is driven upward and forward in the manner commonly known as an «elbow
              smash,» or if the blocker turns their body at the waist or pivots in a manner to add force to the blow, or if
              contact is made with clasped hands, or if the opponent is struck above the shoulder with the hand or arm
              in an unnecessarily rough manner including the striking of the head, commonly called a «head slap»."
52,Rule 7,Section 3,Article 8,"heel of the hand, or elbow, if the blocking arm is cocked by swinging back of the body line prior to contact, or if the blocking arm is driven upward and forward in the manner commonly known as an «elbow smash,» or if the blocker turns their body at the waist or pivots in a manner to add force to the blow, or if contact is made with clasped hands, or if the opponent is struck above the shoulder with the hand or arm in an unnecessarily rough manner including the striking of the head, commonly called a «head slap»."
52,Rule 7,Section 3,Article 10 – Crack-Back Blocking,"It shall be illegal for any Team A player to block an opponent below the waist, or deliver a forcible block, in an area from 5 yards ahead of the line of scrimmage, from sideline to sideline, extending back to the Team A deadline, if: 1. The A player is stationed, or in motion, 3 or more yards (metres) outside of the Block Below the Waist Area, at the snap of ball. OR 2. The A player is stationed initially 3 or more yards (metres) outside of the Block Below the Waist Area and moves toward the ball so that the A player is less than 3 yards (metres) from the Block Below the Waist Area at the snap of ball. OR 3. The A player is stationed initially less than 3 yards (metres) from the Block Below the Waist Area, and either before or after the snap of the ball, moves more than 3 yards (meters) from the Block Below the Waist Area, and then returns to less than 3 yards (metres) from the Block Below the Waist Area. AND 4. Moves in the direction of the ball to make the block. (The direction of the ball is toward the position of the ball when it was snapped.) Note: If the Team A player moves into the Block Below the Waist Area prior to the snap, and comes to a complete stop, the player shall not be penalized for crack back block."
52,Rule 7,Section 3,Article 11 – Delayed Knee Blocking,"It shall be illegal for a player to block an opponent, at or below the knees, at the time that the opponent is already being engaged by a team mate of the blocker, with or without physical contact. Penalty for Unnecessary Roughness: Team A – L15 from the appropriate spot, as per Rule 8, Section 5. Team B – L15 from the appropriate spot, and 1D to Team A."
52,Rule 7,Section 3,Article 12 – Protection of Centre,"On all kick plays from scrimmage (punts, field goal attempts, and converts) it is illegal to contact the centre on, or within one yard either side of the line of scrimmage. Penalty: L15, PLS, PBD – AFD Note: Hurdling the center in an attempt to avoid contact is not permissible and is to be penalized the same as if there was contact. Exception the centre has no protection on a quick kick"
52,Rule 7,Section 3,Article 13 – Horse Collar,"a) Grasping an opponent by the inside of the shoulder pads, or by the inside collar of the jersey. b) Grasping the outside of the jersey above the numbers and using this as the primary means of causing a change in the ball carrier’s direction."
52,Rule 7,Section 3,"Article 14 – Illegal Block, Hands to Face","No player of either team may forcibly thrust their hands forward above the frame to contact an opponent on the neck, face, head, or facemask. If the initial contact is to the chest but the hands ride up to the neck, face, head, or facemask and the contact is forcible or prolonged, it shall be a penalty."
52,Rule 7,Section 3,Article 15 – Blocking from the Rear,"Blocking from the rear is blocking an opponent, other than the ball carrier, from the rear, by charging into the opponent’s back with the body, or throwing the body across the back of the legs. The application of penalty is determined by the point of initial contact, and the official who rules on the play must see the play in its entirety. It is illegal except as follows: 1) the block occurs in the Close Line Play area, is made by a player who was positioned in this area when the ball was snapped, and the contact is above the waist. OR OR 2) the initial point of contact is on the side or front of the opponent. OR Or 3) the initial point of contact is from the rear, due to the action of the opponent, such as turning his/her back on the blocker after the blocker has committed to the block. Note 1: The position of the head of the blocker in front of, or behind, the opponent does not determine whether the block is legal or not. The point of contact is the determining factor, modified by (1), (2) and (3) of this article."
53,Rule 7,Section 3,Article 15,"front of the opponent. OR Or 3) the initial point of contact is from the rear, due to the action of the opponent, such as turning his/her back on the blocker after the blocker has committed to the block. Note 1: The position of the head of the blocker in front of, or behind, the opponent does not determine whether the block is legal or not. The point of contact is the determining factor, modified by (1), (2) and (3) of this article. 44 Canadian Amateur Rule Book for Tackle Football Rule 7 Section 3 Article 15 Fouls and Penalties"
53,Rule 7,Section 3,Article 16,"Article 16 – Player in defenseless posture It is a foul if a player initiates unnecessary contact against a player who is in a defenseless posture. a) Players in a defenseless posture are: 1) A player in the act of or just after throwing a pass; 2) A receiver attempting to catch a pass; or who has completed a catch and has not had time to protect themselves or has not clearly become a runner. If the receiver/runner is capable of avoiding or warding off the impending contact of an opponent, they would no longer be a defenseless player; 3) A runner already in the grasp of a tackler and whose forward progress has been stopped; 4) A player attempting to field a kick in the air; 5) A player on the ground; 6) A kicker/punter during the kick or during the return 7) A quarterback at any time after a change of possession 8) A player who receives a block when the blocker is moving toward or parallel to their own end line and approaches the opponent from behind or from the side. 9) A player who is protected from an illegal crack block b) Prohibited contact against a player who is in a defenseless posture is: 1) Forcibly hitting the defenseless player’s head or neck area with the helmet, facemask, forearm, or shoulder regardless of whether the defensive player also uses their arms to tackle the defenseless player by encircling or grasping him/her; or 2) Lowering the head and making forcible contact with the top/crown or forehead/“hairline” parts of the helmet against any part of the defenseless player’s body; or 3) Illegally launching into a defenseless opponent. It is an illegal launch if a player (1) leaves both feet prior to contact to spring forward and upward into opponent, and (2) uses any part of the helmet (including the top/crown or forehead parts) to initiate forcible contact against any part of opponent’s body. Note: This does not apply to contact against a runner, unless the runner is still considered to be a defenseless players. Note 1: The provision of b-2 does not prohibit incidental contact by the mask or helmet in the course of a conventional tackle or block on an opponent. Note 2: A player who initiates contact against a defenseless opponent is responsible for avoiding an illegal act. This includes illegal contact that may occur during the process of attempting to dislodge the ball from an opponent. A standard of strict liability applies for any contact against a defenseless opponent, even if the opponent is an airborne player who is returning to the ground or whose body position is otherwise in motion, and irrespective of any acts by the defenseless opponent, such as ducking head or curling up body in anticipation on contact. Penalty: For unnecessary roughness: Loss of 15 yards and an automatic first down. The player may be disqualified if the action is judged by the official(s) to be flagrant"
53,Rule 7,Section 3,Article 17,Article 17 – Blindside Block It shall be illegal for any player to deliver a forcible block on an opponent while moving back towards or parallel to their own dead ball line anywhere on the field.
53,Rule 7,Section 3,Article 18,"Article 18 – Tourist Hits A player shall be penalized for unnecessary roughness when they commit unnecessary physical contact, including but not limited to, running into, diving into, cut blocking or throwing body on a player who is out of the play or would not have reasonably anticipated such by an opponent, before or after the ball is dead. It is incumbent upon players to know when the play is dead and whether their actions will be deemed reasonable under this rule. If a player is many yards away from the ball carrier and has stopped playing, or the play is clearly going dead and the player is not participating in the play, they should not reasonably expect to be hit. Special attention should be provided to kickers and quarterbacks who have given up on the play. An opponent should not see this as an opportunity for a “free shot”. Canadian Amateur Rule Book for Tackle Football 45 Fouls and Penalties Rule 7 Section 3 Article 18"
54,Rule 7,Section 3,Article 18,"the play is dead and whether their actions will be deemed reasonable under this rule. If a player is many yards away from the ball carrier and has stopped playing, or the play is clearly going dead and the player is not participating in the play, they should not reasonably expect to be hit. Special attention should be provided to kickers and quarterbacks who have given up on the play. An opponent should not see this as an opportunity for a “free shot”. Canadian Amateur Rule Book for Tackle Football 45 Fouls and Penalties Rule 7 Section 3 Article 18"
54,Rule 7,Section 3,Article 19,"Article 19 – Blocking below the waist             It shall be illegal to block an opponent below the waist except when the block occurs in the block below             the waist area, by a player positioned in this area at the snap of the ball, and when the block is above the             knee.             Note: A player coming from outside this zone must come to a complete stop in the zone, prior to the             snap of the ball to be considered positioned in the zone."
54,Rule 7,Section 4: Objectionable Conduct,Article 1,"Section 4: Objectionable Conduct                                                                                   (CB35)  Article 1 – Objectionable Conduct      a)      The use of profane, obscene, insulting language or gestures to an opponent, official, or spectator by any              player, or occupant of the team bench is prohibited.      b)      Unsportsmanlike conduct, such as throwing the ball at an opponent, an official, or occupant of the team              bench is prohibited.      c)      Tactics by players which delay or hinder the smooth operation of the game shall be penalized under this              section. These tactics include spiking the ball, and/or deliberately throwing or kicking the ball away after              it has been declared dead on a play.      d)      Running into, or contacting an official is to be avoided.              Penalty: 1) L10 from point where the ball would have been put into play if no other foul occurred, or                               added to the penalty for any other foul.                          2) If an objectionable conduct penalty is called after the Referee has whistled time in for any                               down, the penalty will be L10 PLS DR, and the distance chains will not be moved (unless a                               first down is gained from a penalty against Team B).      If the foul is of a serious nature, the player or occupant of the bench may be disqualified with no distance      penalty. A disqualified player or occupant of the bench may be banished from the game site at any time at the      discretion of the Referee.      e)      If a player throws a punch at an opponent, without contact, it is considered Objectionable Conduct.      f)      A coach who is playing with the team shall be considered as a player when on the field. A coach who is              operating as a trainer shall be restricted to trainer’s duties while attending an injured player on the field,              and refrain from performing coaching duties at that time.      g)      If a player, coach, or any member of a team is assessed a second Objectionable Conduct penalty during              a game the offending individual shall be removed from play."
54,Rule 7,Section 4: Objectionable Conduct,Article 2,"Article 2 – Discrimination      Any player, team official, or bench occupant, who engages in verbal taunts, insults, or intimidation based      on Discriminatory Grounds shall, in addition to an objectionable conduct penalty, be disqualified for the      remainder of the game. Such player, team official or bench occupant shall be subject to such further discipline      as the supervising body (ie. League, tournament, etc.) may decide.      Discriminatory Grounds include, but are not limited to:              i. Race, national or ethnic origin, skin color, or language spoken;              ii. Religion, Faith, Beliefs;              iii. Age;              iv. Sex, Sexual Orientation, or Gender Identify/Expression;              v. Marital or Familial Status;              vi. Genetic Characteristics;              vii. Disability."
54,Rule 8,,,Rule 8Application of Penalties
54,Rule 8,Section 1,Article 1,Rule 8 Section 1 Article 1                                                                         Application of Penalties
55,Rule 8,Section 1,Article 1,Penalties shall fall into the following categories: a) Loss of Down b) Loss of distance c) Option Penalties d) Penalties after legal gains e) Restricted Penalties f ) Penalties in end zone g) Disqualification h) Unnecessary Roughness and Rough Play Penalties i) Dual and Double Penalties
55,Rule 8,Section 1,Article 2 – Loss of a Down,"In any penalty, loss of a down (LD) means that the down upon which the foul occurred has used up one of the series of 3 consecutive downs permitted."
55,Rule 8,Section 1,Article 3 – Loss of Distance,"Distance penalties of varying lengths may be assessed for various infractions. For any foul calling for a distance penalty, there shall be no loss of down. Exception – Unnecessary Roughness, Rough Play, Objectionable Conduct, Playing without a mouthguard."
55,Rule 8,Section 1,Article 4 – Option Provided,"a) When a foul has been committed on any play, the non-offending team shall be entitled to the penalty, or the option of declining the penalty to take any advantage of field position, score, down, time, etc. The non-offending team may decline a score to accept a penalty, or may decline a penalty to allow a score in order to gain an advantage from field position, or may allow a score to gain an advantage from a better point of application of a penalty such as UR. b) In certain cases, where so stated, a penalty shall be applied without the necessity of choosing an option. This gives the non-offending team the advantage of the play in addition to the penalty. These cases include fouls such as Unnecessary Roughness, Rough Play, Objectionable Conduct, and No Mouthguard, etc. c) A team may decline the distance for any penalty, including those covered in 4 (b) above, if they feel the application of the distance would not be advantageous to them. The non-offending team may decline the penalty for any foul which occurs after the ball has been snapped, during the final play of a period, in order to terminate the period. d) Once the captain entitled to the option has made the choice of accepting or declining the penalty, the choice may not be revoked. e) When dual fouls occur, one or both penalties may be refused. Exception – Unnecessary Roughness, Rough Play, Objectionable Conduct, No Mouthguard. The first option shall be given to the team against whom the first foul occurred. f ) The disqualification penalty cannot be declined by the non-offending team, but immediate legal substitution is permitted. The disqualification shall be entered in the Referee’s report to the appropriate league authority."
56,Rule 8,Section 2,Article 2,"the choice of accepting or declining the penalty, the choice may not be revoked. e) When dual fouls occur, one or both penalties may be refused. Exception – Unnecessary Roughness, Rough Play, Objectionable Conduct, No Mouthguard. The first option shall be given to the first foul occurred. f ) The disqualification penalty cannot be declined by the non-offending team, but immediate legal substitution is permitted. The disqualification shall be entered in the Referee’s report to the appropriate league authority. Canadian Amateur Rule Book for Tackle Football 47 Application of Penalties Rule 8 Section 2 Article 2"
56,Rule 8,Section 2: Penalties and Legal Gains,Article 1 – After First Down Gained,"If Team A or Team B commits a foul on a scrimmage play after Team A has legally gained the distance for 1st down, the penalty shall be applied from the point where the ball was held when the foul occurred, and 1st down awarded at the point where the ball is placed after the penalty application, with 10 to go."
56,Rule 8,Section 2: Penalties and Legal Gains,Article 2 – Before First Down Gained,"If Team A commits a foul on a scrimmage play prior to gaining the distance for 1st down, the penalty shall be applied from the point of last scrimmage, with the down repeated."
56,Rule 8,Section 2: Penalties and Legal Gains,Article 3 – After Change of Possession,"If a team legally obtains possession of the ball by a pass interception, recovered fumble, received kick, and then commits a foul, the penalty shall be applied from the point where the ball was held when the foul occurred and 1st and 10 will be awarded at the point where the ball is placed after the penalty application."
56,Rule 8,Section 2: Penalties and Legal Gains,Article 4 – After Loss of Possession,"a) Kick – If either team commits a foul while the ball is «in flight,» the penalty shall be applied at the point of possession by the team which legally gains possession. Those penalties which are normally applied without option may be applied at PBD at the option of the non-offending team. b) Loose Ball – If the foul directly affects the recovery of the ball, the ball will be awarded to the non-offending team at the PF, automatic 1st down. If point of possession is the end zone, apply from the 10 yard (10 metre) line"
56,Rule 8,Section 2: Penalties and Legal Gains,Article 5 – After the Ball is Dead,"If either team commits a foul after the ball is dead, it shall be ignored unless it is Rough Play, Unnecessary Roughness, or Objectionable Conduct, which will be applied at the appropriate spot. If such a foul occurs after a score, the score shall count, and the foul shall be ignored unless it is Rough Play, Unnecessary Roughness, or Objectionable Conduct, which will be applied on the subsequent scrimmage play, convert, or kick off at the option of the non-offending team. There is no option to decline the score since the infraction occurred during the dead ball period following the score."
56,Rule 8,Section 3: Restrictions Near Goal Line,Article 1 – Inside 30 Yard (Metre) Line,"A yardage penalty applied within 30 yards (metres) of the offending team’s goal line, shall not exceed one half the distance between the point from which the penalty is applied and that goal line. Exception: – pass interference. – double penalties involving UR, RP, including double penalties which form part of a dual penalty. – Unnecessary Roughness and Rough Play The ball shall not be scrimmaged within the 1 yard (1 metre) line."
56,Rule 8,Section 3: Restrictions Near Goal Line,Article 2 – Distance Gained by Restricted Penalty,"If an unrestricted penalty would have resulted in distance gained, or the goal line reached by Team A, a first down shall be awarded."
56,Rule 8,Section 3: Restrictions Near Goal Line,Article 3 – Infraction on Own 1 Yard (Metre) Line,"a) Team A – when PLS is the A 1, and Team A commits any infraction Penalty: 1.2D – LD, 3D – DR. b) Team B – where PLS is the B 1 yard (1 metre) line and Team B commits any infraction Penalty: 1D at 1 yard (1 metre) line to Team A."
56,Rule 8,Section 4,Article 1,48 Canadian Amateur Rule Book for Tackle Football Rule 8 Section 4 Article 1 Application of Penalties
57,Rule 8,Section 4,Article 1,Application of Penalties
57,Rule 8,Section 4,Article 1,"Fouls in Own End Zone Note: A rouge (1 point) will be awarded, under this article, if the ball has been kicked into the end zone. a) Team A 1. If Team A commits a foul in its own end zone while in possession of the ball within its own end zone, Team B shall be awarded a rouge or a safety touch (1 or 2 points) as applicable, or option. 2. If Team A makes an offside pass in its own end zone, and retains possession of the ball, Team B shall be awarded a rouge or a safety touch (1 or 2 points) as applicable, or option. 3. If a kicked ball lands and is loose in the end zone before possession is gained by A, and Team A commits a foul in its own end zone, Team B shall be awarded a rouge (1 point) or option. 4. If an A player fumbles the ball in the Team A end zone, and while the ball is loose, Team A commits illegal interference, thus preventing Team B from gaining possession of the ball in the end zone: Penalty Team B may accept a rouge or a safety touch (1 or 2 points) as applicable or Team B may take possession of the ball as 1st down at the PLS or the 10 yard (10 metre) line, whichever is closer to the goal line. b) Team B 1. If Team B commits a foul in its own end zone, while in possession of the ball within its own end zone, Team A shall be awarded a rouge or safety touch (1 or 2 points) as applicable (Exception – see interception in End Zone – Rule 6, Section 4, Article 11). 2. If Team B makes an offside pass in its own end zone, after receiving a Team A kick in the end zone, Team A shall be awarded a rouge, or option. 3. If Team B makes an offside pass in its own end zone, while intercepting or after intercepting a Team A forward pass, there is no score. If the ball goes dead in the end zone, Team B shall scrimmage at the B 20. If the ball goes dead in the field of play, Team B shall scrimmage at the PBD or at the B 20 at the option of Team A. 4. If a kicked ball lands and is loose in the end zone before possession is gained by B, and Team B commits a foul in its own end zone, Team A shall be awarded a rouge (1 point) or option. 5. If the ball is loose in the Team B end zone, and Team B commits illegal interference, thus preventing Team A from gaining possession of the ball in the end zone: Penalty: Team A may take possession of the ball as 1st down at the B 10, or at the PLS whichever is closer to the B goal line, or accept any score in the event that Team A recover the ball, or accept a score of 1 or 2 points as applicable and B will put the ball into play in the manner required, or decline the penalty and allow Team B to scrimmage at the PBD if B advances the ball into the field of play."
57,Rule 8,Section 4,Article 2,"Fouls in Opponent’s End Zone a) Team A 1. If Team A commits a foul in the Team B end zone on a play from scrimmage, the penalty shall be applied as though the foul has occurred on the field of play. 2. If the kicking team commits a «restraining zone» foul in the receiving team’s end zone, the penalty shall be applied from the receiving team’s 10-yard line. Exception: Rule 5 Section 4 Article 2 (g). 3. If the ball is loose in the Team B end zone, and Team A commits illegal interference, thus preventing Team B from gaining possession of the ball in the end zone: Penalty: No score, B scrimmage 1D at B 10. b) Team B 1. If Team B commits a foul in the Team A end zone on a play from scrimmage, the penalty shall be applied as though the foul had occurred on the field of play. 2. If an A player fumbles the ball in their own end zone, and while the ball is loose, Team B commits illegal interference, thus preventing Team A from regaining possession in the end zone: Penalty: No score by B. Automatic 1st down for Team A at PLS, or at the 10 yard (10 metre) line, at the option of Team A."
58,Rule 8,Section 5,Article 1,Application of Penalties
58,Rule 6,Section 4,Article 11,"See Rule 6, Section 4, Article 11."
58,Rule 8,Section 5,Article 3,"Foul in End Zone after Intercepted Pass
              See Rule 6, Section 4, Article 11."
58,Rule 8,Section 5,Article 4,"Foul with Ball in End Zone
              a) If Team A commits a foul on the field of play while the ball is in the A end zone, the penalty shall be
                    applied from the PLS (except UR, RP, etc.)
              b) If Team B commits a foul on the field of play while the ball is in the B end zone, the penalty shall be
                    applied from the B10 yard (10 metre) line (except UR, RP, etc.)
              c) If Team A commits a foul on the field of play while the ball is in the B end zone, the penalty shall be
                    applied from the B 10 yard (10 metre) line. Team B may request the ball to be placed at any point on
                    or between the hash marks. (UR, RP, etc may be applied at the 10 yard (10 metre) line or at the PBD).
              d) If Team B commits a foul on the field of play while the ball is in the A end zone, the penalty will be
                    applied at PLS. (UR, RP etc. may be applied at PLS or at the PBD)."
58,Rule 8,Section 5,Article 5,"Foul in the Last Play of Period
              If in any period, time expires during a play in which a foul occurs, the non-offending team has the
              option to:
              a) Accept the penalty, in which case the team entitled to possession shall be required to put the ball
                    into play and the period extended for that play,
              OR
              b) Decline the penalty and accept the play as it terminated, in which case the period is ended.
                    Should the play be terminated by an official’s whistle PRIOR to the ball being put into play, the
                    period shall be extended for another play.
                    If a foul occurs DURING the last play of a period, including a convert, the non-offending team may
                    decline the penalty in order to terminate the period. If the foul is Unnecessary Roughness or Rough
                    Play, the non-offending team will have the option to have the penalty applied in the same period,
                    in which case another play will take place, or to have the penalty applied on the opening play of the
                    next period.
                    If a time count foul occurs on the convert, the penalty will be applied on a repeated convert, with
                    no option to apply the penalty on the kick off.
                    If the last play of the period is a legally scored touchdown, any penalty for UR, RP occurring during
                    the play, or during the interval between the touchdown and the convert, may be applied at the
                    option of the non-offending team as follows:
                          1) on the convert following a touchdown
                    OR 2) on the kick off in the same period
                    OR 3) on a kick off to open the next period
                    If the foul is committed in the end zone, and the penalty for the foul would award a score to the
                    non-offending team, the non-offending team may accept the penalty and the resultant score, and
                    may also elect to terminate the period.
                    If the last play of the period is a legally scored touchdown, Objectionable Conduct or No
                    Mouthguard occurring during the play, or during the interval between the touchdown and the
                    convert, may be applied at the option of the non-offending team, as follows:
                          1) on the convert following the touchdown
                    OR 2) on a kick off to open the next period
                    If the foul is Objectionable Conduct or No Mouthguard, on the convert, the penalty will be applied
                    on the opening play of the next period (Rule 1-11 Penalty, Rule 7-4 Penalty).
                    Note: An offside pass is not a foul and does not extend play."
58,Rule 8,Section 5,Article 8,Application of Penalties
59,Rule 8,Section 5,Article 8,Application of Penalties
59,Rule 8,Section 5,Article 8,Unnecessary Roughness and Rough Play – Points of Application (CB38)
59,Rule 8,Section 5,Article 1,"The distance penalties for Unnecessary Roughness and Rough Play will be applied in addition to the advantage of distance gained and score made. In addition to the distance, an automatic first down will be awarded to Team A for Unnecessary Roughness or Rough Play by Team B, unless it is part of a dual penalty where both infractions are UR or RP. The normal restrictions near the goal line do NOT apply to Unnecessary Roughness and Rough Play. The 15 yard penalty applied from the 16 yard line or closer will take the ball to the 1 yard line."
59,Rule 8,Section 5,Article 2,"Scrimmage Plays – Foul before distance gained The non-offending team shall have the option of having the penalty applied at PLS, DR or of allowing the play to stand and have the penalty applied at PBD, with downs continuing."
59,Rule 8,Section 5,Article 3,"Scrimmage Play – Foul after distance gained The non-offending team shall have the option of having the penalty applied at PBH at the time of the foul, or at the PBD. If the point of application selected results in distance gained, 1st Down will be awarded, the penalty applied, and it will be 1D and 10 at the point following the penalty application."
59,Rule 8,Section 5,Article 4,"Change of Possession – Foul before change Where a foul occurs during a play in which possession changes, before possession is gained, such as on a kick, intercepted forward pass, or fumble recovery - a) Foul before possession is lost – Apply penalty at PLS, point of possession, or PBD at option of non-offending team. b) Ball in flight – Apply penalty at the point of possession or PBD. c) Loose Ball – Apply penalty at PF or at the PP, or PBD as appropriate if the foul is in the area of recovery of the ball, or the recovery of the ball is affected. – Apply penalty at PP if the foul was in an area remote from the point of recovery, where the foul did not affect the recovery of the ball, or at the PBD."
59,Rule 8,Section 5,Article 5,"Change of Possession – Foul occurs after change Where a foul occurs after possession has changed, the non -offending team shall have the option of having the penalty applied at the PBH at the time of the foul, or at the PBD."
59,Rule 8,Section 5,Article 6,"UR or RP in end zone after change of possession If the foul occurs after Team B has gained possession in their own end zone and the ball goes dead in the end zone (exception – Intercepted Forward Pass, Rule 6-4-11). a) UR or RP by Team A before ball is dead. Penalty: No score. UR 15 yard (15 metre) penalty applied at the 10, B 1D and 10 on B 25. RP – 25 yard penalty applied at the 10, B 1D and 10 on 35 and disqualification. b) UR or RP by Team B before ball is dead. Penalty: Score allowed, UR 15 yard (15 metre) penalty, or RP 25 yard (25 metre) and disqualification, applied on the subsequent play. Note: If the B infraction occurs on an intercepted FP by B in the end zone, Rule 6-4-11 applies. c) UR or RP by Team A or B after the ball is dead. Penalty: Score allowed, if applicable. UR 15 yard (15 metre) penalty applied on the subsequent play. RP – disqualification and 25 yard (25 metre) applied on the subsequent play."
59,Rule 8,Section 5,Article 7,"Illegal Interference – Loose Ball When an Unnecessary Roughness or Rough Play foul also constitutes illegal interference, affecting the recovery of a fumble or loose ball: Penalty: – option to the non-offending team – L15 (UR) or L25 (RP) – PF, 1D or – L15 (UR) or L25 (RP) – PBD, 1D (if the non-offending team recovers) Note: First down is awarded for UR or RP by Team B (automatic) or is awarded for the Illegal Interference affecting the recovery of the loose ball by Team A."
60,Rule 8,Section 6,Article 1,Application of Penalties Rule 8 Section 6 Article 1
60,Rule 8,Section 6,Article 7,"Illegal Interference – Loose Ball When an Unnecessary Roughness or Rough Play foul also constitutes illegal interference, affecting the recovery of a fumble or loose ball: Penalty: – option to the non-offending team – L15 (UR) or L25 (RP) – PF, 1D or – L15 (UR) or L25 (RP) – PBD, 1D (if the non-offending team recovers) Note: First down is awarded for UR or RP by Team B (automatic) or is awarded for the Illegal Interference affecting the recovery of the loose ball by Team A."
60,Rule 8,Section 6,Article 8,"Forward Pass Where illegal interference also includes UR or RP: The UR or RP penalty will be added to the distance penalty for illegal interference. Team A – L15 PLS for Ill. Int., plus L15 for UR or L25 (RP), and DR Team B – if PF is less than 15 from PLS – L15 from PF for UR or L25 (RP) , and 1D – if PF is more than 15 from PLS – L15 from PLS for Ill. Int., plus L15 for the UR or L25 (RP), and 1D – if PF is behind the PLS, L15 from PLS for UR or L25 (RP), and 1D"
60,Rule 8,Section 6,Article 9,"Convert The penalty will be applied as follows: (a) Foul by Team A 1. Convert successful – Team B option - – allow score, apply penalty on the kick off. – disallow score, apply penalty at PLS, and repeat convert. – disallow score, repeat convert at PLS, and apply penalty on the kick off. 2. Convert unsuccessful – L15 (or 25) on subsequent kick off. (b) Foul by Team B 1. Convert successful – Team A option – accept score, apply penalty on the kick off – decline score, apply penalty at PLS, and repeat convert – decline score, repeat convert at PLS, and apply penalty on the kick off. 2. Convert unsuccessful – Team A option – apply penalty at PLS and repeat convert – repeat convert at PLS and apply penalty in the kick off"
60,Rule 8,Section 6,Article 10,"Score a) Foul by Team A before score – B option L15 PLS DR, or PBH if the foul occurs after distance gained, or allow score and apply the penalty on subsequent play. b) Foul by Team B before score – A option plus 15 PLS 1D, or PBH if the foul occurs after distance gained, or accept score and apply the penalty on subsequent play. c) Foul by Team A or Team B after score. The score is allowed and the penalty will be applied on the subsequent play. Note: In (a), (b) and (c), if the subsequent play is a convert attempt, the penalty may be applied on the convert or on the kick off following the convert attempt."
60,Rule 8,Section 6,Article 11,"After the Ball is Dead When the foul occurs after the ball has been declared dead, the down has been used, and the penalty shall be applied at the PBD. 1.2 D – Penalty applied at PBD, downs continue (unless the required distance is gained by the play or the penalty is against Team B). 3D – DG – Penalty applied at PBD, Team A 1st D and 10. – DNG – Continuity of downs interrupted. Ball awarded to Team B. Penalty applied at PBD Team B 1D and 10. Note: Piling on is a foul which occurs after the ball is dead. If this occurs on a 3rd D, when DNG, the ball is automatically awarded to Team B when it becomes dead. The piling on foul cannot award the ball back to Team A, so the penalty of the automatic 1st down does not apply."
61,Section 6,Section 6: Dual and Double Fouls,Article 1,Dual Fouls occur when each team commits one or more fouls on the same play.
61,Section 6,Section 6: Dual and Double Fouls,Article 2,"With the exception of Unnecessary Roughness and Rough Play, dual penalties will be administered as follows: a) Both penalties must be accepted for the dual penalty rule to apply. If one team declines the penalty, the remaining penalty is applied as a single penalty. b) If both penalties are accepted, in general, the distance penalties will be adjusted at one of 4 points. These points, as shown in the following articles are – PLS, PBH at the time of the first foul, the Point of Possession (PP) or PBH at time of second foul if the first foul was No Yards, 5-yard version. c) The teams have the option of acceptance of penalty as determined by the sequence in which the offences occurred, e.g. First offence by A – First option to B. d) If one of the dual fouls is a non-distance foul, it shall be applied as a 10 yard (10 metre) penalty – e.g. Illegal F.P. interference by Team B, less than 15 yds (15 metre) from PLS. e) A «restraining zone» foul is an «in flight» foul for the purpose of this rule. f ) Pass Interference by Team B is not an automatic first down in a dual foul situation. g) Where both fouls are UR or RP, the automatic 1D for the B foul will not apply. The distance penalties will be adjusted at the appropriate point of application. h) In balancing dual penalties, where one of the penalties is normally non restricted (Pass Interference, Unnecessary Roughing or Rough Play) the balanced application will be restricted. Example: Team A 2D-10 on B8. A1 goes offside, B1 is called for U.R. Ruling: A offside – 5 yards B UR 15 yards Difference is a 10-yard application which is restricted Possession A 1D and Goal on the B4 i) If first foul is illegal interference on a loose ball, possession will go to the non-offending team and all other penalties will be applied from this spot. Note if both teams commit loose ball interference, the first will be applied as loss of ball, the second as a 10-yard penalty."
61,Section 6,Section 6: Dual and Double Fouls,Article 3,"The penalties will be adjusted at the appropriate point of application of the first foul. If the first foul is UR or RP, the non-offending team shall have the option of adjusting the penalties at the appropriate point of application of the first or second foul."
61,Section 6,Section 6: Dual and Double Fouls,Article 4,"When a team has been guilty of two or more infractions on the same play, the non-offending team may take its choice of one of the penalties. If one of the fouls is UR or RP, Objectionable Conduct, or No Mouthguard, it shall be added to the penalty chosen, at the point of application of the penalty chosen. Where UR or RP occurs before a change of possession and another penalty such as Holding or Illegal Block occurs after the change of possession, if the UR or RP penalty is chosen to cancel the change of possession, the other penalties are not applied (except another UR or RP). If the other penalty is accepted, and the change of possession remains, the point of application is PBH, and the UR or RP penalty will be added to that penalty."
61,Rule 9,Miscellaneous,,Rule 9 Section 1 Article 1 Miscellaneous
62,Rule 9,Section 1,Article 1,Miscellaneous
62,Rule 9,Section 1,Article 1,Screening Screening is interference without direct contact.
62,Rule 9,Section 1,Article 2,Tackling Tackling is the act of grasping or encircling the ball carrier with the hands or arms.
62,Rule 9,Section 2,Article 1,"A team may interfere with the opponents anywhere within bounds after obtaining possession by legally recovering (a) an opponent’s fumble, (b) a dribbled ball, (c) a blocked kick, (d) a kick off, (e) a scrimmage kick, (f ) a return kick, or by (g) intercepting an opponent’s pass. Interference is restricted to at or above the waist. As soon as the ball has been touched by the opponents on a kick, or possession has changed on an intercepted pass, a blocked kick, or recovered fumble, the line of scrimmage and the neutral zone loses any significance, with respect to blocking above the waist restrictions."
62,Rule 9,Section 3,Article 1,"a) A player shall not interfere with an opponent attempting to recover a ball which is loose from a fumble, blocked kick, dribbled ball, or wild snap from centre. Penalty: Field of Play – Ball awarded to non -offending team at PF, automatic 1st down. End zone – Rule 8, Section 4, Articles 1-a-4, 1-b-5, 2-a-3 and 2-b-2. b) Players who make contact in a simultaneous and bona fide effort to recover the ball shall not be penalized for illegal interference."
62,Rule 9,Section 4,Article 1,Consecutive Downs «Consecutive» shall mean possession in a continuous series of downs on which the ball is in possession of one team.
62,Rule 9,Section 4,Article 2,"Continuity Interrupted The continuity of downs is interrupted: a) When Team A gains the required distance for first down. b) When Team A fails on 3rd down to gain the required distance for 1st down. c) When Team B obtains possession of the ball – by recovering a fumble, intercepting a pass, by any other legal play, or by penalty (touching the ball is not possession). d) When there is a loose ball on a play from scrimmages, (e.g., fumble, blocked kick, etc.) and Team B dribbles the ball. e) When the ball is punted, drop kicked or place kicked over the line of scrimmage. A ball dribbled over the line of scrimmage by A does NOT interrupt the continuity of downs. Note: When the ball is kicked (but NOT dribbled) by Team A over the line of scrimmage and is legally recovered by Team A, before the ball has been touched by Team B across the line of scrimmage, 1st down is awarded to Team A only if the required distance for 1st down is gained. f ) When the ball is kicked out of bounds, strikes the opponent’s goal post assembly in flight on a kick from scrimmage, is blocked directly out of bounds by Team B, or is last touched by Team B before going out of bounds. g) When a score is made."
62,Rule 1,Section 4,Article 1,Recommendation to have 24 players It is recommended that Teams have a minimum of 24 players dressed to start the game.
62,Rule 1,Section 5,Article 2,Time stops For any game of less than 48 minutes it is recommended that time stops as the first down distance has been made. Time stops after the ball is dead.
63,Rule 1,Section 4,Article 1,Recommendation to have 24 players It is recommended that Teams have a minimum of 24 players dressed to start the game.
63,Rule 1,Section 5,Article 2,Time stops For any game of less than 48 minutes it is recommended that time stops as the first down distance has been made. Time stops after the ball is dead.
